Product Name,Rating,Price,Image URL,Product Link,Category
FancyDressWale Santa Claus baby boys Christmas dress Unisex with Cap and Bag,3.5 out of 5 stars,₹236.00,"https://images-eu.ssl-images-amazon.com/images/I/61-2RXQf7LL._AC_UL600_SR600,400_.jpg",https://www.amazon.in/https://www.amazon.in/FancyDressWale-Girls-Dress-FDWSANTAREGULAR_Red_0-6-Months/dp/B09LVNPXB4/ref=zg_bs_g_toys_d_sccl_1/259-0518190-3818361?psc=1,toys
Zest 4 Toyz Santa Claus Dress for Kids Christmas Costume Dress with Jacket Pant Cap Goggles Beard and Pouch Santa Dress for Boys and Girls,3.9 out of 5 stars,₹529.00,"https://images-eu.ssl-images-amazon.com/images/I/412c7f+FsRL._AC_UL600_SR600,400_.jpg",https://www.amazon.in/https://www.amazon.in/Zest-Toyz-Christmas-Costume-Children/dp/B09N1QT7DN/ref=zg_bs_g_toys_d_sccl_2/259-0518190-3818361?psc=1,toys
"Mattel Uno Playing Card Game For 7 Yrs And Above For Adult,Set Of 112 Cards, Multicolor",4.5 out of 5 stars,₹111.00,"https://images-eu.ssl-images-amazon.com/images/I/71ICPSc3H+L._AC_UL600_SR600,400_.jpg",https://www.amazon.in/https://www.amazon.in/Mattel-Uno-Playing-Card-Game/dp/B00GTJSGXE/ref=zg_bs_g_toys_d_sccl_3/259-0518190-3818361?psc=1,toys
"Wirescorts Angle Geometric Plastic Blocks, Sorting & Stacking Toys for Toddlers and Kids Preschool, Color Stacker Shape Sorter Gift Educational Learning Toy for 1 2 3 Years Boys and Girls, Multicolor",4.2 out of 5 stars,₹165.00,"https://images-eu.ssl-images-amazon.com/images/I/51mHC9zqABL._AC_UL600_SR600,400_.jpg",https://www.amazon.in/https://www.amazon.in/WireScorts-Geometric-Preschool-Educational-Multicolor/dp/B0CFGB45S2/ref=zg_bs_g_toys_d_sccl_4/259-0518190-3818361?psc=1,toys
"Einstein Box Ultimate Science Kit for Boys and Girls Ages 8-12-14| Birthday Gifts Ideas for Kids| STEM Learning Toys for 8,9,10,11,12,13,14 Year Olds|",4.3 out of 5 stars,₹695.00,"https://images-eu.ssl-images-amazon.com/images/I/71flpMokoIL._AC_UL600_SR600,400_.jpg",https://www.amazon.in/https://www.amazon.in/Einstein-Box-Educational-Learning-Experiments/dp/B0855MGS99/ref=zg_bs_g_toys_d_sccl_5/259-0518190-3818361?psc=1,toys
Storio Rechargeable Toys Talking Cactus Baby Toys for Kids Dancing Cactus Toys Can Sing Wriggle & Singing Recording Repeat What You Say Funny Education Toys for Children Playing Home Decor for Kids,3.7 out of 5 stars,₹299.00,"https://images-eu.ssl-images-amazon.com/images/I/61YVpEBCUhL._AC_UL600_SR600,400_.jpg",https://www.amazon.in/https://www.amazon.in/Storio-Unbreakable-Friction-Automobile-Toys/dp/B08D8J88X3/ref=zg_bs_g_toys_d_sccl_6/259-0518190-3818361?psc=1,toys
Storio Toys Rechargeable Educational Learning Talking Flash Cards for 2 Year Old Kids Boys Girls Baby Montessori Toys,3.9 out of 5 stars,₹299.00,"https://images-eu.ssl-images-amazon.com/images/I/61SIh+VJF7L._AC_UL600_SR600,400_.jpg",https://www.amazon.in/https://www.amazon.in/Storio-Dual-Function-Water-Shoot/dp/B08D8HVTBN/ref=zg_bs_g_toys_d_sccl_7/259-0518190-3818361?psc=1,toys
"Popsugar Off Roader Rechargeable Remote Control Car | Monster Truck with 2 Speeds | 4 Headlight Modes | Lithium Battery | C-Type Charging | Remote Control Car for Kids | Made in India, Black Mat",4.1 out of 5 stars,"₹1,099.00","https://images-eu.ssl-images-amazon.com/images/I/717pTcRrigL._AC_UL600_SR600,400_.jpg",https://www.amazon.in/https://www.amazon.in/Popsugar-Rechargeable-Control-Headlight-Charging/dp/B0CQJRQWHN/ref=zg_bs_g_toys_d_sccl_8/259-0518190-3818361?psc=1,toys
Sky Tech® Range Rover Defender 1:32 Scale Model Car Exclusive Alloy Metal Pull Back Die-cast Car Metal Pullback Toy car with Openable Doors & Light Music Best Gifts Toys Kids【Colors as Per Stock】,4.0 out of 5 stars,₹848.00,"https://images-eu.ssl-images-amazon.com/images/I/61S8ET0MrYL._AC_UL600_SR600,400_.jpg",https://www.amazon.in/https://www.amazon.in/Sky-Tech%C2%AE-Range-Rover-Defender/dp/B0D5VS6RD2/ref=zg_bs_g_toys_d_sccl_9/259-0518190-3818361?psc=1,toys
"Nerf Alpha Strike Fang Qs-4 Toy Blaster, Fire 4 Darts in A Row, 10 Nerf Darts, Gift Toys for Kids Teens&Adults, Toy for Boys, Birthday Gift Toy Ages 8+,Best Xmas Gift,Multicolor",4.3 out of 5 stars,₹309.00,"https://images-eu.ssl-images-amazon.com/images/I/61-0r-DOQmL._AC_UL600_SR600,400_.jpg",https://www.amazon.in/https://www.amazon.in/Nerf-Blaster-Blasting-Official-Load-Prime-Fire/dp/B09JYLXVP8/ref=zg_bs_g_toys_d_sccl_10/259-0518190-3818361?psc=1,toys
Topps UEFA Champions League Match Attax 24/25 Trading and Collectible Card Game (Smart Pack),3.9 out of 5 stars,₹748.00,"https://images-eu.ssl-images-amazon.com/images/I/61ABLc-yDLL._AC_UL600_SR600,400_.jpg",https://www.amazon.in/https://www.amazon.in/Topps-Champions-League-Trading-Collectible/dp/B0DJBM42SZ/ref=zg_bs_g_toys_d_sccl_11/259-0518190-3818361?psc=1,toys
Zest 4 Toyz Santa Claus Dress for Kids Christmas Costume Dress with Jacket Pant Cap and Pouch Santa Dress for Boys and Girls,3.7 out of 5 stars,₹284.00,"https://images-eu.ssl-images-amazon.com/images/I/717JtXOaecL._AC_UL600_SR600,400_.jpg",https://www.amazon.in/https://www.amazon.in/zest-toyz-Santa-Christmas-Costume/dp/B07KSZJDNX/ref=zg_bs_g_toys_d_sccl_12/259-0518190-3818361?psc=1,toys
"HUG 'n' FEEL SOFT TOYS Long Soft Lovable Huggable Cute Giant Life Size Teddy Bear Plush & Stuffed Toys (35cm, Avocado)",4.0 out of 5 stars,₹321.00,"https://images-eu.ssl-images-amazon.com/images/I/41DX4usBUXL._AC_UL600_SR600,400_.jpg",https://www.amazon.in/https://www.amazon.in/HUG-FEEL-SOFT-TOYS-Huggable/dp/B0BLCLG8XJ/ref=zg_bs_g_toys_d_sccl_13/259-0518190-3818361?psc=1,toys
GRAPHENE Santa Claus Dress Christmas Santa Costume for Children With Jacket Pant Cap Pouch For Kids Boy & Girls (Pack Of 1),5.0 out of 5 stars,₹149.00,"https://images-eu.ssl-images-amazon.com/images/I/61OKX95Ii7L._AC_UL600_SR600,400_.jpg",https://www.amazon.in/https://www.amazon.in/GRAPHENE-Santa-Dress-Christmas-Children/dp/B0DMK9D73D/ref=zg_bs_g_toys_d_sccl_14/259-0518190-3818361?psc=1,toys
"Smartivity Kids Montessori Slide Puzzle I Color & Pattern Matching Learning Toys for Kids 4-8 Years I Birthday Gift for Boys&Girls I Preschool Educational Activity Toy for 4,5,6,7,8I Travel Friendly",4.7 out of 5 stars,₹409.00,"https://images-eu.ssl-images-amazon.com/images/I/71WLAGLJucL._AC_UL600_SR600,400_.jpg",https://www.amazon.in/https://www.amazon.in/Smartivity-Montessori-Matching-Preschool-Educational/dp/B0DG5YMYMD/ref=zg_bs_g_toys_d_sccl_15/259-0518190-3818361?psc=1,toys
Wembley Monster Truck Remote Control Car for Kids Rechargeable Rc Car Offroad High Speed with 2 Speeds and 4 Headlight Modes | Lithium Battery | C-Type Charging | Made in India - Red,4.1 out of 5 stars,"₹1,179.00","https://images-eu.ssl-images-amazon.com/images/I/61i+8IjgK6L._AC_UL600_SR600,400_.jpg",https://www.amazon.in/https://www.amazon.in/Wembley-Monster-Rechargeable-Headlight-Charging/dp/B0CT8HVN5B/ref=zg_bs_g_toys_d_sccl_16/259-0518190-3818361?psc=1,toys
"Storio Click and Catch Twin Ball Launcher Game with 3 Balls Indoor Outdoor Toy Set, Pop & Catch Ball Play Fun Boys & Girls - Multicolor",3.9 out of 5 stars,₹179.00,"https://images-eu.ssl-images-amazon.com/images/I/71SG7+k7-WL._AC_UL600_SR600,400_.jpg",https://www.amazon.in/https://www.amazon.in/Storio-Click-Launcher-Indoor-Outdoor/dp/B0BQC9PMYS/ref=zg_bs_g_toys_d_sccl_17/259-0518190-3818361?psc=1,toys
"Lifelong LLKS03 Foldable Kick Skating Cycle| Skate Scooter for Kids(Max User Weight: 50Kg) Kids Scooter (Pink, Blue)",3.9 out of 5 stars,₹999.00,"https://images-eu.ssl-images-amazon.com/images/I/61xr-fzqcxL._AC_UL600_SR600,400_.jpg",https://www.amazon.in/https://www.amazon.in/Lifelong-Adjustable-Weight-50-Manufacturers-LLKS03/dp/B0C862R9VF/ref=zg_bs_g_toys_d_sccl_18/259-0518190-3818361?psc=1,toys
"Portronics Ruffpad 8.5E Re-Writable LCD Writing Pad with Screen 21.5cm (8.5-inch) for Drawing, Playing, Handwriting Gifts for Kids & Adults, India's first notepad to save and share your child's first creatives via Ruffpad app on your Smartphone(Black)",4.0 out of 5 stars,₹199.00,"https://images-eu.ssl-images-amazon.com/images/I/51nzIs6jTCL._AC_UL600_SR600,400_.jpg",https://www.amazon.in/https://www.amazon.in/Portronics-Ruffpad-Re-Writable-8-5-inch-Handwriting/dp/B09GF6JBZN/ref=zg_bs_g_toys_d_sccl_19/259-0518190-3818361?psc=1,toys
"Graphene Bedtime Fun Kids Slide Projector Torch, Premium ABS Materials, Easy-to-Use Interchangeable Slides, Versatile Flashlight for Nighttime Safety, The Perfect Sleep Companion for Children",3.5 out of 5 stars,₹189.00,"https://images-eu.ssl-images-amazon.com/images/I/61fu2vtWH4L._AC_UL600_SR600,400_.jpg",https://www.amazon.in/https://www.amazon.in/GRAPHENE%C2%AE-Projector-Flashlight-torch-Projection/dp/B0B86BQ574/ref=zg_bs_g_toys_d_sccl_20/259-0518190-3818361?psc=1,toys
Wembley Rechargeable Hover Football Indoor Game for Kids Toys for Boys Birthday Gift | Electric Air Football Floating Hover Ball Soccer Electronic Toys for 2 3 4 5 6 7 8 9 10+ Years Old Boys - Red,3.7 out of 5 stars,₹499.00,"https://images-eu.ssl-images-amazon.com/images/I/51mRzbYyLwL._AC_UL600_SR600,400_.jpg",https://www.amazon.in/https://www.amazon.in/Wembley-Rechargeable-Football-Hoverball-BIS-Approved/dp/B0BBGYJP6D/ref=zg_bs_g_toys_d_sccl_21/259-0518190-3818361?psc=1,toys
"Niku Rabbit with Chain Reversible Bunny Rabbit Soft Stuffed Toys for Girls Boys Baby Kids | Doll, Teddy Bear plushies, Animal Toy | Strawberry/Carrot Shaped Pink Colour | Gift Item for Kids",4.1 out of 5 stars,₹360.00,"https://images-eu.ssl-images-amazon.com/images/I/613ls1KV-HL._AC_UL600_SR600,400_.jpg",https://www.amazon.in/https://www.amazon.in/Niku-Reversible-Stuffed-plushies-Strawberry/dp/B0CPVNTZ4K/ref=zg_bs_g_toys_d_sccl_22/259-0518190-3818361?psc=1,toys
"MOROVIK Spider Web Shooters Toy for Kids Fans, Hero Launcher Wrist Toy Set, Cosplay Launcher Bracers Accessories, Sticky Wall Soft Bomb Funny Children's Educational Toys, Multicolor (Spider Webs)",3.9 out of 5 stars,₹299.00,"https://images-eu.ssl-images-amazon.com/images/I/51NcG3MN4bL._AC_UL600_SR600,400_.jpg",https://www.amazon.in/https://www.amazon.in/MOROVIK-Accessories-Childrens-Educational-Multicolor/dp/B0CTX8MJW2/ref=zg_bs_g_toys_d_sccl_23/259-0518190-3818361?psc=1,toys
Amazon Brand - Jam & Honey Soft Penguin Plush Toy for Kids | Soft Toy for Boys and Girls | Super-Soft and Safe| Ideal for Gifting | Height 17 cm | Black and White,4.4 out of 5 stars,₹169.00,"https://images-eu.ssl-images-amazon.com/images/I/61A2ddWFQxL._AC_UL600_SR600,400_.jpg",https://www.amazon.in/https://www.amazon.in/Amazon-Brand-Penguin-Super-Soft-Birthday/dp/B0C46HFZX6/ref=zg_bs_g_toys_d_sccl_24/259-0518190-3818361?psc=1,toys
Storio Rechargeable Wireless Mini Portable Bluetooth Karaoke Machine | Bluetooth Speaker with Microphone & LED Lights - Kids Music Singing Toys for Girl Boy Birthday Gift Ideas,4.3 out of 5 stars,₹449.00,"https://images-eu.ssl-images-amazon.com/images/I/71kl33XC3pL._AC_UL600_SR600,400_.jpg",https://www.amazon.in/https://www.amazon.in/Storio-Baby-Toys-Play-Kit/dp/B09CTQJ6FR/ref=zg_bs_g_toys_d_sccl_25/259-0518190-3818361?psc=1,toys
"LuvLap Sunny Ride on & Car for Kids with Music & Horn Steering, Push Car for Baby with Backrest, Safety Guard, Under Seat Storage & Big Wheels, Ride on for Kids 1 to 3 Years Upto 25 Kgs (Pink)",3.9 out of 5 stars,"₹1,163.00","https://images-eu.ssl-images-amazon.com/images/I/71VPXp3DuAL._AC_UL600_SR600,400_.jpg",https://www.amazon.in/https://www.amazon.in/LuvLap-Steering-Backrest-Safety-Storage/dp/B0BCGFJ2H7/ref=zg_bs_g_toys_d_sccl_26/259-0518190-3818361?psc=1,toys
Little's Junior Ring | Stacking Toys for Kids | 6 rings Multi-Colour Kids Toys | Colorful Toddler Activity Toys | Baby toys | Motor and Reasoning skills,4.3 out of 5 stars,₹163.00,"https://images-eu.ssl-images-amazon.com/images/I/61XC4-QDkKL._AC_UL300_SR300,200_.jpg",https://www.amazon.in/https://www.amazon.in/Littles-Stacking-Multi-Colour-Colorful-Reasoning/dp/B00ADZUNYK/ref=zg_bs_g_toys_d_sccl_27/259-0518190-3818361?psc=1,toys
"Cable World® Educational Laptop Computer Toy for Kids Above 3 Years - 20 Fun Activity Learning Machine, Now Learn Letter, Words, Games, Mathematics, Music, Logic, Memory Tool",3.9 out of 5 stars,₹749.00,"https://images-eu.ssl-images-amazon.com/images/I/61vedjX-xpL._AC_UL300_SR300,200_.jpg",https://www.amazon.in/https://www.amazon.in/Cable-Tricycle-Dancing-Battery-Operated/dp/B08BJC3HXK/ref=zg_bs_g_toys_d_sccl_28/259-0518190-3818361?psc=1,toys
Cubelelo Drift Warrior 3x3 Stickerless Cube | Beginner Speedcube for Kids & Adults | Magic Speedy Stress Buster Brainstorming Puzzle (Multicolor) | Durable and Smooth Cube with Anti-Pop Design,4.3 out of 5 stars,₹189.00,"https://images-eu.ssl-images-amazon.com/images/I/51hVIx+9nOL._AC_UL300_SR300,200_.jpg",https://www.amazon.in/https://www.amazon.in/Cubelelo-Drift-Warrior-Stickerless-Puzzle/dp/B08H88N2N9/ref=zg_bs_g_toys_d_sccl_29/259-0518190-3818361?psc=1,toys
Zest 4 Toyz Christmas Accessories Gift Combo for Kids for Christmas X MAS Day Celebrations,3.9 out of 5 stars,₹303.00,"https://images-eu.ssl-images-amazon.com/images/I/718wEkroy3L._AC_UL300_SR300,200_.jpg",https://www.amazon.in/https://www.amazon.in/Zest-Toyz-Christmas-Accessories-Celebration-X-MAS-1/dp/B0BPSVMZT5/ref=zg_bs_g_toys_d_sccl_30/259-0518190-3818361?psc=1,toys
One94Store 3D Deer Crystal Globe Lamp Creative Engraved Crystal Ball Night Light USB Table LED Wooden Crystal Ball for Home Office Decoration Birthday Gift Adults (Deer 6cm)(Warm White),4.0 out of 5 stars,₹299.00,"https://images-eu.ssl-images-amazon.com/images/I/61vihvwHdBL._AC_UL600_SR600,400_.jpg",https://www.amazon.in/https://www.amazon.in/One94Store-Creative-Engraved-Decoration-Birthday/dp/B0D9XP8FDD/ref=zg_bs_g_kitchen_d_sccl_1/259-0518190-3818361?psc=1,kitchen
"Amazon Brand - Presto! Garbage Bags Medium 180 Count|19 x 21 inches Black , For Dry & Wet waste|30 bags/roll (Pack of 6)",4.4 out of 5 stars,₹326.00,"https://images-eu.ssl-images-amazon.com/images/I/71IB+2LNNBL._AC_UL600_SR600,400_.jpg",https://www.amazon.in/https://www.amazon.in/Amazon-Brand-Presto-Oxo-Biodegradable-Garbage/dp/B0821PN8L4/ref=zg_bs_g_kitchen_d_sccl_2/259-0518190-3818361?psc=1,kitchen
Ezee Black Garbage Bags for Dustbin | 90 Pcs | Medium 19 X 21 Inches | 30 Pcs x Pack of 3,4.2 out of 5 stars,₹159.00,"https://images-eu.ssl-images-amazon.com/images/I/71erHCKJ3WL._AC_UL600_SR600,400_.jpg",https://www.amazon.in/https://www.amazon.in/Ezee-Garbage-Bag-inches-Pieces/dp/B06VX8YR6Q/ref=zg_bs_g_kitchen_d_sccl_3/259-0518190-3818361?psc=1,kitchen
"ATOM Digital Kitchen Food Weighing Scale For Healthy Living, Home Baking, Cooking, Fitness & Balanced Diet. | 1 Year Warranty | 10Kg x 1gms with 2 Batteries Included, SF400/A121, Color May vary",3.9 out of 5 stars,₹199.00,"https://images-eu.ssl-images-amazon.com/images/I/51Jp1JZdU-L._AC_UL600_SR600,400_.jpg",https://www.amazon.in/https://www.amazon.in/Weighing-Balanced-Batteries-Included-A121/dp/B083C6XMKQ/ref=zg_bs_g_kitchen_d_sccl_4/259-0518190-3818361?psc=1,kitchen
"AGARO Elite Lint Remover With Power Cord for Woollen Sweaters, Blankets, Jackets/Burr Remover Pill Remover from Carpets, Curtains",4.3 out of 5 stars,₹419.00,"https://images-eu.ssl-images-amazon.com/images/I/712Rc9YYmCL._AC_UL600_SR600,400_.jpg",https://www.amazon.in/https://www.amazon.in/AGARO-Remover-Sweaters-Blankets-Curtains/dp/B0D2TS9MD3/ref=zg_bs_g_kitchen_d_sccl_5/259-0518190-3818361?psc=1,kitchen
Orient Electric Areva Portable Room Heater | 2000W | Two Heating Modes | Advanced Overheat Protection | Horizontal & Vertical Mount | 1-year replacement warranty by Orient | White,4.0 out of 5 stars,"₹1,499.00","https://images-eu.ssl-images-amazon.com/images/I/71QfC+NELFL._AC_UL600_SR600,400_.jpg",https://www.amazon.in/https://www.amazon.in/Orient-Electric-Areva-Adjustable-Thermostat/dp/B083973WX4/ref=zg_bs_g_kitchen_d_sccl_6/259-0518190-3818361?psc=1,kitchen
"Zulaxy Photo Frame Hooks for Wall Without Drilling, 10 Pack Self Adhesive Hooks for Wall Heavy Duty Strong Nail Free for Hanging Photo Frame (Hanging Hook, Transparent) Stainless Steel",3.8 out of 5 stars,₹274.00,"https://images-eu.ssl-images-amazon.com/images/I/61uaI9IfRUL._AC_UL600_SR600,400_.jpg",https://www.amazon.in/https://www.amazon.in/Zulaxy-Drilling-Adhesive-Transparent-Stainless/dp/B0CCM8L54V/ref=zg_bs_g_kitchen_d_sccl_7/259-0518190-3818361?psc=1,kitchen
"Pigeon by Stovekraft Amaze Plus Electric Kettle (14289) with Stainless Steel Body, 1.5 litre, used for boiling Water, making tea and coffee, instant noodles, soup etc. (Silver)",3.9 out of 5 stars,₹599.00,"https://images-eu.ssl-images-amazon.com/images/I/51DGcy8eBCL._AC_UL600_SR600,400_.jpg",https://www.amazon.in/https://www.amazon.in/Pigeon-Electric-Stainless-Shut-off-Feature/dp/B07WMS7TWB/ref=zg_bs_g_kitchen_d_sccl_8/259-0518190-3818361?psc=1,kitchen
Orpat OEH-1220 2000-Watt Fan Heater (White),4.1 out of 5 stars,"₹1,249.00","https://images-eu.ssl-images-amazon.com/images/I/81Pm1MEvURL._AC_UL600_SR600,400_.jpg",https://www.amazon.in/https://www.amazon.in/Orpat-OEH-1220-2000-Watt-Heater-White/dp/B00B7GHQQW/ref=zg_bs_g_kitchen_d_sccl_9/259-0518190-3818361?psc=1,kitchen
"MILTON Aura 1000 Thermosteel Bottle, 1050 ml Water Bottles, 24 Hours Hot and Cold, Easy to Carry, Easy Grip, Rust Proof, Tea, Coffee, Office, Travel Bottle, Black",4.3 out of 5 stars,₹932.00,"https://images-eu.ssl-images-amazon.com/images/I/51-NKrTs99L._AC_UL600_SR600,400_.jpg",https://www.amazon.in/https://www.amazon.in/Milton-Thermosteel-Bottle-Kitchen-Trekking/dp/B0B4RX7ZXK/ref=zg_bs_g_kitchen_d_sccl_10/259-0518190-3818361?psc=1,kitchen
Homestrap Set of 6 Non-Woven Printed Saree Cover/Cloth Storage/Wardrobe Organizer For Clothes with Transparent Window (Grey)(Shark Tank Featured) 45cmx33cmx22cm,4.0 out of 5 stars,₹349.00,"https://images-eu.ssl-images-amazon.com/images/I/71zjvUApaRL._AC_UL600_SR600,400_.jpg",https://www.amazon.in/https://www.amazon.in/Homestrap-Non-Woven-Organizer-Transparent-Featured/dp/B08LQRXXNB/ref=zg_bs_g_kitchen_d_sccl_11/259-0518190-3818361?psc=1,kitchen
"Wakefit 100% Waterproof Premium Cotton Mattress Protector | Breathable and Hypoallergenic Ultra Soft Fitted Bed Protector 78""x72"" - King, Grey",4.3 out of 5 stars,"₹1,048.00","https://images-eu.ssl-images-amazon.com/images/I/61sRf7oDELL._AC_UL600_SR600,400_.jpg",https://www.amazon.in/https://www.amazon.in/Wakefit-Waterproof-Protector-Breathable-Hypoallergenic/dp/B0C1S894S3/ref=zg_bs_g_kitchen_d_sccl_12/259-0518190-3818361?psc=1,kitchen
"Milton Thermosteel Flip Lid Flask, 1000 milliliters, Silver",4.2 out of 5 stars,₹964.00,"https://images-eu.ssl-images-amazon.com/images/I/81jAcDybJPL._AC_UL600_SR600,400_.jpg",https://www.amazon.in/https://www.amazon.in/Milton-Thermosteel-Flask-milliliters-Silver/dp/B00MIYM0VS/ref=zg_bs_g_kitchen_d_sccl_13/259-0518190-3818361?psc=1,kitchen
"Misamo Enterprise PVC Wall Hooks, Pack of 15, Transparent",4.1 out of 5 stars,₹189.00,"https://images-eu.ssl-images-amazon.com/images/I/61ihAmUosAL._AC_UL600_SR600,400_.jpg",https://www.amazon.in/https://www.amazon.in/Misamo-Enterprise-Bathroom-Hangings-Transparent/dp/B09SLQPK3T/ref=zg_bs_g_kitchen_d_sccl_14/259-0518190-3818361?psc=1,kitchen
"Amazon Brand - Presto! Garbage Bags Large 90 Count|24 x 32 Inches Black , For Dry & Wet waste|15 bags/roll (Pack of 6)",4.3 out of 5 stars,₹325.00,"https://images-eu.ssl-images-amazon.com/images/I/71TZMvymzgL._AC_UL600_SR600,400_.jpg",https://www.amazon.in/https://www.amazon.in/Amazon-Brand-Presto-Oxo-Biodegradable-Garbage/dp/B0821PYKVK/ref=zg_bs_g_kitchen_d_sccl_15/259-0518190-3818361?psc=1,kitchen
"nutripro Copper Juicer Mixer Grinder - Smoothie Maker - 500 Watts (3 Jars, Silver) - 2 Year Warranty",4.2 out of 5 stars,"₹1,799.00","https://images-eu.ssl-images-amazon.com/images/I/7152-mn8mKL._AC_UL600_SR600,400_.jpg",https://www.amazon.in/https://www.amazon.in/NutriPro-Juicer-Mixer-Grinder-Smoothie/dp/B09J2SCVQT/ref=zg_bs_g_kitchen_d_sccl_16/259-0518190-3818361?psc=1,kitchen
ALOXE Cosmetic Organizer Box Drawers Storage Plastic Stationary Box | Make Up Organiser For Women,4.0 out of 5 stars,₹198.00,"https://images-eu.ssl-images-amazon.com/images/I/71a0mwTxooL._AC_UL600_SR600,400_.jpg",https://www.amazon.in/https://www.amazon.in/ALOXE-Cosmetic-Organizer-Stationary-Organiser/dp/B0BLK9X25W/ref=zg_bs_g_kitchen_d_sccl_17/259-0518190-3818361?psc=1,kitchen
Shalimar Premium Garbage Bags (Lavender Fragrance) Size 19 X 21 Inches (Medium) 120 Bags (4 Rolls) Dustbin Bag/Trash Bag - Black Color,4.5 out of 5 stars,₹299.00,"https://images-eu.ssl-images-amazon.com/images/I/71lXH8K7D9L._AC_UL600_SR600,400_.jpg",https://www.amazon.in/https://www.amazon.in/Shalimar-Premium-Garbage-Medium-Rolls/dp/B07KT9Q54M/ref=zg_bs_g_kitchen_d_sccl_18/259-0518190-3818361?psc=1,kitchen
Amazon Basics Electric Egg Boiler | 3 Boiling Modes | Automatic Operation | Overheat Protection|75ml|Plastic|White,4.0 out of 5 stars,₹369.00,"https://images-eu.ssl-images-amazon.com/images/I/71tIWqrBr6L._AC_UL600_SR600,400_.jpg",https://www.amazon.in/https://www.amazon.in/Electric-Automatic-Operation-Overheat-Protection/dp/B0BT1M24FN/ref=zg_bs_g_kitchen_d_sccl_19/259-0518190-3818361?psc=1,kitchen
"Trance 100% Waterproof Premium Cotton Feel Mattress Protector King Size, 78x72 Inches | Breathable and Hypoallergenic Ultra Soft Fitted Bed Protector Cover (78""x72"" Fits Upto 10 Inches - King, Grey",4.2 out of 5 stars,₹669.00,"https://images-eu.ssl-images-amazon.com/images/I/51o4CGytTBL._AC_UL600_SR600,400_.jpg",https://www.amazon.in/https://www.amazon.in/Trance-Home-Linen-Waterproof-Dustproof/dp/B01A57IV58/ref=zg_bs_g_kitchen_d_sccl_20/259-0518190-3818361?psc=1,kitchen
"Wakefit Height Adjustable Hollow Fiber Sleeping Pillow with Zip |(White and Grey, Standard, Set of 2, Microfiber) 3 Months Warranty",4.3 out of 5 stars,₹878.00,"https://images-eu.ssl-images-amazon.com/images/I/51oityumVSL._AC_UL600_SR600,400_.jpg",https://www.amazon.in/https://www.amazon.in/Wakefit-Sleeping-Pillow-Set-27/dp/B07L6GZYDV/ref=zg_bs_g_kitchen_d_sccl_21/259-0518190-3818361?psc=1,kitchen
"Pigeon Polypropylene Mini Handy and Compact Chopper with 3 Blades for Effortlessly Chopping Vegetables and Fruits for Your Kitchen (12420, Green, 400 ml)",3.9 out of 5 stars,₹149.00,"https://images-eu.ssl-images-amazon.com/images/I/51RXzjrUmkL._AC_UL600_SR600,400_.jpg",https://www.amazon.in/https://www.amazon.in/Pigeon-Stovekraft-Plastic-Chopper-Blades/dp/B01LWYDEQ7/ref=zg_bs_g_kitchen_d_sccl_22/259-0518190-3818361?psc=1,kitchen
"The Purple Tree Christmas Reindeer LED Curtain Lights -2.5 M (Pack of 1) Warm White, Lights for Christmas, Christmas Lights, Led Curtain Light, Festive Light,",4.1 out of 5 stars,₹549.00,"https://images-eu.ssl-images-amazon.com/images/I/51M+quNX+tL._AC_UL600_SR600,400_.jpg",https://www.amazon.in/https://www.amazon.in/Purple-Tree-Christmas-Reindeer-Curtain/dp/B09HY1LWTF/ref=zg_bs_g_kitchen_d_sccl_23/259-0518190-3818361?psc=1,kitchen
"KLIFFOO Dual Tip Colorful Art Markers Sketch Pens 24 Colors With Carrying Case For Painting Sketching Calligraphy Drawing -Twin Head Permanent Colouring Marker Pens For Kids Adult, Multicolor",3.9 out of 5 stars,₹284.00,"https://images-eu.ssl-images-amazon.com/images/I/81wQoBSXR2L._AC_UL600_SR600,400_.jpg",https://www.amazon.in/https://www.amazon.in/KLIFFOO-Sketching-Calligraphy-Permanent-Colouring/dp/B0CG28N5VQ/ref=zg_bs_g_kitchen_d_sccl_24/259-0518190-3818361?psc=1,kitchen
Prestige 1.5 Litres Electric Kettle (PKOSS 1.5)|1500W | Silver - Black| Automatic Cut-off | Stainless Steel | Rotatable Base | Power Indicator | Single-Touch Lid Locking,3.9 out of 5 stars,₹699.00,"https://images-eu.ssl-images-amazon.com/images/I/51Q11RNy8dL._AC_UL600_SR600,400_.jpg",https://www.amazon.in/https://www.amazon.in/Prestige-Electric-Kettle-PKOSS-1500watts/dp/B01MQZ7J8K/ref=zg_bs_g_kitchen_d_sccl_25/259-0518190-3818361?psc=1,kitchen
"Milton Euroline Go Electro 2.0 Stainless Steel Electric Kettle, 1 Piece, 2 Litre, Silver, Power Indicator, 1500 Watts, Auto Cut-off, Detachable 360 Degree Connector, Boiler for Water, Instant Noodles",3.9 out of 5 stars,₹799.00,"https://images-eu.ssl-images-amazon.com/images/I/61RxcY0R52S._AC_UL600_SR600,400_.jpg",https://www.amazon.in/https://www.amazon.in/Milton-Electric-Stainless-Kettle-Litres/dp/B091V8HK8Z/ref=zg_bs_g_kitchen_d_sccl_26/259-0518190-3818361?psc=1,kitchen
"Recron Certified Dream Fibre Pillow (41X61, Fiber;Microfiber, White, Pack Of 2)",4.0 out of 5 stars,₹399.00,"https://images-eu.ssl-images-amazon.com/images/I/61s5qoyJSWL._AC_UL600_SR600,400_.jpg",https://www.amazon.in/https://www.amazon.in/Recron-Fiber-Dream-Pillow-White/dp/B016D7UJMW/ref=zg_bs_g_kitchen_d_sccl_27/259-0518190-3818361?psc=1,kitchen
"GLUN® Lint Remover for Clothes Fuzz Remover for All Woolen Clothes, USB Port, Lint Remover for Clothes, Sweaters, Blankets Pack of 1",4.2 out of 5 stars,₹199.00,"https://images-eu.ssl-images-amazon.com/images/I/71zSHmUGFCL._AC_UL600_SR600,400_.jpg",https://www.amazon.in/https://www.amazon.in/Lint-Remover-Clothes-Sweaters-Blankets/dp/B0CWR8MHY3/ref=zg_bs_g_kitchen_d_sccl_28/259-0518190-3818361?psc=1,kitchen
Havells Instanio 3L Instant Water Heater(Geyser)| Temp. Sensing LED Indicator| Rust & Shock Proof Body| ISI Marked|With Flexible Pipes|Warranty: 5 year on Inner Tank| High Rise Compatible (White Blue),4.3 out of 5 stars,"₹3,650.00","https://images-eu.ssl-images-amazon.com/images/I/51m0Dt7KJaL._AC_UL600_SR600,400_.jpg",https://www.amazon.in/https://www.amazon.in/Havells-Instanio-3-Litre-Instant-Geyser/dp/B078JDNZJ8/ref=zg_bs_g_kitchen_d_sccl_29/259-0518190-3818361?psc=1,kitchen
"Pigeon 1.5 litre Hot Kettle and Stainless Steel Water Bottle Combo used for boiling Water, Making Tea and Coffee, Instant Noodles, Soup with Auto Shut- off Feature",3.7 out of 5 stars,₹699.00,"https://images-eu.ssl-images-amazon.com/images/I/510sIxSnACL._AC_UL600_SR600,400_.jpg",https://www.amazon.in/https://www.amazon.in/Pigeon-Stainless-boiling-Instant-Noodles/dp/B09Y5FZK9N/ref=zg_bs_g_kitchen_d_sccl_30/259-0518190-3818361?psc=1,kitchen
"Cetaphil Paraben, Sulphate-Free Gentle Skin Hydrating Face Wash Cleanser with Niacinamide, Vitamin B5 for Dry to Normal, Sensitive Skin - 125 ml",4.3 out of 5 stars,₹359.00,"https://images-eu.ssl-images-amazon.com/images/I/51O+J5jnXcL._AC_UL600_SR600,400_.jpg",https://www.amazon.in/https://www.amazon.in/Cetaphil-Sulphate-Free-Hydrating-Niacinamide-Sensitive/dp/B01CCGW4OE/ref=zg_bs_g_beauty_d_sccl_1/259-0518190-3818361?psc=1,beauty
"L'Oréal Paris Permanent Hair Colour, Radiant At-Home Hair Colour with up to 100% Grey Coverage, Pro-Keratin, Up to 8 Weeks of Colour, Excellence Crème, 3 Natural Darkest Brown, 72ml+100g",4.3 out of 5 stars,₹412.00,"https://images-eu.ssl-images-amazon.com/images/I/61wHkCENFtL._AC_UL600_SR600,400_.jpg",https://www.amazon.in/https://www.amazon.in/LOreal-Paris-Excellence-Natural-Darkest/dp/B006QHB88O/ref=zg_bs_g_beauty_d_sccl_2/259-0518190-3818361?psc=1,beauty
Ghar Soaps Sandalwood & Saffron Magic Soaps For Bath (300 Gms Pack Of 3) | Paraben Free | Chandan & Kesar Bath Soap | Handmade Soaps For Glowing | Skin Brightening Soap For Men & Women,3.8 out of 5 stars,₹398.00,"https://images-eu.ssl-images-amazon.com/images/I/71+gJPCAh7L._AC_UL600_SR600,400_.jpg",https://www.amazon.in/https://www.amazon.in/Sandalwood-Saffron-300-Handmade-Whitening/dp/B09S6M7JQJ/ref=zg_bs_g_beauty_d_sccl_4/259-0518190-3818361?psc=1,beauty
"Scalpe Pro Daily Anti-Dandruff Shampoo | Removes Dandruff From Source | Helps With Itching, Irritation & Redness Accompanying Dandruff | Climbazole & Zpto Formulation | For Women & Men | 100Ml",4.1 out of 5 stars,₹159.00,"https://images-eu.ssl-images-amazon.com/images/I/51zAMTMsOkL._AC_UL600_SR600,400_.jpg",https://www.amazon.in/https://www.amazon.in/Scalpe-Pro-Anti-dandruff-Shampoo-100ml/dp/B07Q7C4Q45/ref=zg_bs_g_beauty_d_sccl_5/259-0518190-3818361?psc=1,beauty
"L'Oreal Paris Hyaluron Moisture 72HR Moisture Sealing Conditioner powered by Hyaluronic Acid, for Frizz-free, Hydrated and Bouncy Hair Full of Life | 180 ml",4.3 out of 5 stars,₹153.00,"https://images-eu.ssl-images-amazon.com/images/I/418EwrvZQLL._AC_UL600_SR600,400_.jpg",https://www.amazon.in/https://www.amazon.in/Paris-Moisture-Conditioner-Hyaluronic-Dehydrated/dp/B0B6Y3FNV7/ref=zg_bs_g_beauty_d_sccl_6/259-0518190-3818361?psc=1,beauty
"Simple Kind To Skin Refreshing Face Wash 150 ml | 100% soap-free gentle cleanser for sensitive, dry & oily skin, for women & men",4.3 out of 5 stars,₹279.00,"https://images-eu.ssl-images-amazon.com/images/I/51lV2Pem64L._AC_UL600_SR600,400_.jpg",https://www.amazon.in/https://www.amazon.in/Simple-Kind-Refreshing-Facial-Globalbeauty/dp/B000LQUA6M/ref=zg_bs_g_beauty_d_sccl_7/259-0518190-3818361?psc=1,beauty
"The Derma Co 1% Hyaluronic Sunscreen SPF 50 Aqua Gel, PA++++ | For Oily, Dry, Acne-prone Skin | Lightweight, No white-cast for Broad Spectrum & Blue Light Protection - 30g",4.2 out of 5 stars,₹258.00,"https://images-eu.ssl-images-amazon.com/images/I/41v1L8K+11L._AC_UL600_SR600,400_.jpg",https://www.amazon.in/https://www.amazon.in/Derma-Co-Hyaluronic-Lightweight-white-cast/dp/B0C6M3KHXV/ref=zg_bs_g_beauty_d_sccl_8/259-0518190-3818361?psc=1,beauty
"Dettol Original Germ Protection Bathing Soap Bar (400gm) | Kills 99.99% germs, 100g - Pack of 4",4.4 out of 5 stars,₹130.00,"https://images-eu.ssl-images-amazon.com/images/I/61ClJoc2JiL._AC_UL600_SR600,400_.jpg",https://www.amazon.in/https://www.amazon.in/Dettol-Original-Protection-Bathing-99-99/dp/B0CP9NMV6P/ref=zg_bs_g_beauty_d_sccl_9/259-0518190-3818361?psc=1,beauty
Alps Goodness Rosemary Water Spray For Hair Growth (200 ml) | Hair Spray for Regrowth | Rosemary Hair Mist | Adds Shine | Helps Reduce Hairfall | Strengthens Hair | Suitable For All Hair Types,4.1 out of 5 stars,₹236.00,"https://images-eu.ssl-images-amazon.com/images/I/71mOu-ekpFL._AC_UL600_SR600,400_.jpg",https://www.amazon.in/https://www.amazon.in/Alps-Goodness-Rosemary-Regrowth-Strengthens/dp/B0D6GMRW8F/ref=zg_bs_g_beauty_d_sccl_10/259-0518190-3818361?psc=1,beauty
Dettol Liquid Handwash Refill – Skincare Hand Wash- 1350ml | pH Balanced | 10x Better Germ Protection,4.5 out of 5 stars,₹186.00,"https://images-eu.ssl-images-amazon.com/images/I/61ma04zYXpL._AC_UL600_SR600,400_.jpg",https://www.amazon.in/https://www.amazon.in/Dettol-pH-Balanced-Skincare-Liquid-Handwash/dp/B07M9XYH9K/ref=zg_bs_g_beauty_d_sccl_11/259-0518190-3818361?psc=1,beauty
"WishCare Hair Growth Serum Concentrate - 3% Redensyl, 4% Anagain, 2% Baicapil, Caffeine, Biotin & Rice Water - Rosemary Hair Serum for Hair Fall Control & Hair Growth 30ml",4.1 out of 5 stars,₹673.98,"https://images-eu.ssl-images-amazon.com/images/I/61PA2P4KDCL._AC_UL600_SR600,400_.jpg",https://www.amazon.in/https://www.amazon.in/WishCare-Hair-Growth-Serum-Concentrate/dp/B0B573QW21/ref=zg_bs_g_beauty_d_sccl_12/259-0518190-3818361?psc=1,beauty
"L'Oreal Paris Hyaluron Moisture 72HR Moisture Filling Shampoo powered by Hyaluronic Acid, for Frizz-free, Hydrated and Bouncy Hair Full of Life | 340 ml",4.2 out of 5 stars,₹236.00,"https://images-eu.ssl-images-amazon.com/images/I/41jr41E77ZL._AC_UL600_SR600,400_.jpg",https://www.amazon.in/https://www.amazon.in/Paris-Moisture-Hyaluronic-Dehydrated-Hyaluron/dp/B0B6XQGXJW/ref=zg_bs_g_beauty_d_sccl_13/259-0518190-3818361?psc=1,beauty
SUGAR POP Ultrastay Transferproof Lipstick 02 Floral Fantasy - 4 gms - Enriched with Vitamin E | Smooth Glide | Waterproof | Longlasting,4.6 out of 5 stars,₹191.00,"https://images-eu.ssl-images-amazon.com/images/I/61JBasqusdL._AC_UL600_SR600,400_.jpg",https://www.amazon.in/https://www.amazon.in/SUGAR-POP-Ultrastay-Transferproof-Lipstick/dp/B0DB7XGC2S/ref=zg_bs_g_beauty_d_sccl_14/259-0518190-3818361?psc=1,beauty
"Bella Vita Luxury Woman Eau De Parfum Gift Set 4x20 ml for Women with Date, Senorita, Glam, Rose Perfume|Floral, Fruity Long Lasting EDP Fragrance Scent",4.3 out of 5 stars,₹567.00,"https://images-eu.ssl-images-amazon.com/images/I/614cN6CDldL._AC_UL600_SR600,400_.jpg",https://www.amazon.in/https://www.amazon.in/Bella-Vita-Organic-Perfumes-Fragrance/dp/B09232XNTX/ref=zg_bs_g_beauty_d_sccl_15/259-0518190-3818361?psc=1,beauty
"L'Oreal Paris Conditioner, For Damaged and Weak Hair, With Pro-Keratin + Ceramide, Total Repair 5, 180ml",4.3 out of 5 stars,₹142.00,"https://images-eu.ssl-images-amazon.com/images/I/61PMTJWD7vL._AC_UL600_SR600,400_.jpg",https://www.amazon.in/https://www.amazon.in/LOreal-Paris-Total-Repair-Conditioner/dp/B004W5NT8O/ref=zg_bs_g_beauty_d_sccl_16/259-0518190-3818361?psc=1,beauty
"Garnier Skin Naturals, Face Serum, Increases Skin's Glow Instantly and Reduces Spots Overtime, Bright Complete Vitamin C Booster, 30 ml",4.0 out of 5 stars,₹340.00,"https://images-eu.ssl-images-amazon.com/images/I/51wERqBeGLL._AC_UL600_SR600,400_.jpg",https://www.amazon.in/https://www.amazon.in/Garnier-Light-Complete-VITAMIN-Booster/dp/B08FTQXWC7/ref=zg_bs_g_beauty_d_sccl_17/259-0518190-3818361?psc=1,beauty
Bare Anatomy Anti Dandruff Shampoo | Reduces Up to 100% Dandruff and Strengthens Hair | Derma Approved Shampoo with Salicylic Acid & Biotin | Shampoo For All Hair types | For Women And Men | 250ml,4.1 out of 5 stars,₹375.00,"https://images-eu.ssl-images-amazon.com/images/I/51QuF+V4vkL._AC_UL600_SR600,400_.jpg",https://www.amazon.in/https://www.amazon.in/Bare-Anatomy-Anti-Dandruff-Shampoo-Targets/dp/B0BJZXKH12/ref=zg_bs_g_beauty_d_sccl_18/259-0518190-3818361?psc=1,beauty
"Vaseline Deep Moisture Serum In Lotion, 400 ml | Enriched with Glycerin for Nourished Soft Skin",4.4 out of 5 stars,₹235.00,"https://images-eu.ssl-images-amazon.com/images/I/51GIMFvynDL._AC_UL600_SR600,400_.jpg",https://www.amazon.in/https://www.amazon.in/Vaseline-Intensive-Restore-Lasting-Moisturisation/dp/B08M4QF7V9/ref=zg_bs_g_beauty_d_sccl_19/259-0518190-3818361?psc=1,beauty
"Savlon Moisturizing Glycerin Soap Bar With Germ Protection, 625g (125g - Combo Pack of 5), Soap for Women & Men, For All Skin Types",4.3 out of 5 stars,₹153.00,"https://images-eu.ssl-images-amazon.com/images/I/71VBuPUbXcL._AC_UL600_SR600,400_.jpg",https://www.amazon.in/https://www.amazon.in/Savlon-Glycerin-Germ-Protection-Bathing/dp/B086H6LMBM/ref=zg_bs_g_beauty_d_sccl_20/259-0518190-3818361?psc=1,beauty
"Bella Vita Luxury Man Perfume Gift Set 4 x 20 ml for Men with KLUB, OUD, CEO, G.O.A.T Perfume | Woody, Citrusy Long Lasting EDP Fragrance Scent",4.1 out of 5 stars,₹567.00,"https://images-eu.ssl-images-amazon.com/images/I/611TuNkQopL._AC_UL600_SR600,400_.jpg",https://www.amazon.in/https://www.amazon.in/Bella-Vita-Organic-Perfumes-Fragrance/dp/B09231NL5H/ref=zg_bs_g_beauty_d_sccl_21/259-0518190-3818361?psc=1,beauty
"L'Oreal Paris Serum, Protection and Shine, For Dry, Flyaway & Frizzy Hair, With 6 Rare Flower Oils, Extraordinary Oil, 100ml",4.3 out of 5 stars,₹389.00,"https://images-eu.ssl-images-amazon.com/images/I/61GGg1vs3DL._AC_UL600_SR600,400_.jpg",https://www.amazon.in/https://www.amazon.in/LOreal-Paris-Extraordinary-Serum-Women/dp/B08FW1GJ4F/ref=zg_bs_g_beauty_d_sccl_22/259-0518190-3818361?psc=1,beauty
"Cetaphil Moisturising Cream for Face & Body , Dry to Normal skin, 80 gm",4.3 out of 5 stars,₹554.00,"https://images-eu.ssl-images-amazon.com/images/I/61pK4c7UNiL._AC_UL600_SR600,400_.jpg",https://www.amazon.in/https://www.amazon.in/Cetaphil-Moisturising-Cream-80g/dp/B01HMLB0LW/ref=zg_bs_g_beauty_d_sccl_23/259-0518190-3818361?psc=1,beauty
"Parachute Advansed Soft Touch Body Lotion for Women & Men, All Skin types, 400ml | Pure Coconut Milk & Honey, 100% Natural, 72h Moisturisation",4.1 out of 5 stars,₹130.00,"https://images-eu.ssl-images-amazon.com/images/I/51dOuh5FY8L._AC_UL600_SR600,400_.jpg",https://www.amazon.in/https://www.amazon.in/Parachute-Advansed-Body-Lotion-Touch/dp/B00CBRJ1SM/ref=zg_bs_g_beauty_d_sccl_24/259-0518190-3818361?psc=1,beauty
Dettol Liquid Handwash Refill - Original Hand Wash- 1350ml | Germ Defence Formula | 10x Better Germ Protection,4.5 out of 5 stars,₹186.00,"https://images-eu.ssl-images-amazon.com/images/I/515OCNdBF6L._AC_UL600_SR600,400_.jpg",https://www.amazon.in/https://www.amazon.in/Dettol-Liquid-Refill-Original-1500/dp/B01LNA2MQK/ref=zg_bs_g_beauty_d_sccl_25/259-0518190-3818361?psc=1,beauty
NIVEA Nourishing Body Milk 600ml Body Lotion | 48 H Moisturization | With 2X Almond Oil | Smooth and Healthy Looking Skin |For Very Dry Skin,4.4 out of 5 stars,₹492.00,"https://images-eu.ssl-images-amazon.com/images/I/51QtN8cihaL._AC_UL600_SR600,400_.jpg",https://www.amazon.in/https://www.amazon.in/NIVEA-Body-Lotion-Nourishing-600ml/dp/B07VKM2HR5/ref=zg_bs_g_beauty_d_sccl_26/259-0518190-3818361?psc=1,beauty
"Dot & Key Ceramides Moisturizer with Hyaluronic for Intense Moisturizing and Skin Strengthening | With Probiotic & Rice Water I Barrier Repair Cream | For Dry Skin, Normal Skin & Sensitive Skin | 100g",4.3 out of 5 stars,₹335.00,"https://images-eu.ssl-images-amazon.com/images/I/619WJI0tjgL._AC_UL600_SR600,400_.jpg",https://www.amazon.in/https://www.amazon.in/Ceramides-Hyaluronic-Hydrating-Probiotic-Barrier/dp/B0BDVG99J5/ref=zg_bs_g_beauty_d_sccl_27/259-0518190-3818361?psc=1,beauty
"Deconstruct Face Gel Sunscreen SPF 50 + and PA+++ | Gel based sunscreen for oily skin, combination skin, normal skin | Broad spectrum sunscreen, No White Cast, Lightweight, Non greasy - 50g",4.1 out of 5 stars,₹332.00,"https://images-eu.ssl-images-amazon.com/images/I/51VLdPNtSWL._AC_UL600_SR600,400_.jpg",https://www.amazon.in/https://www.amazon.in/truct-Lightweight-Sunscreen-White-Women/dp/B0B45RB1RV/ref=zg_bs_g_beauty_d_sccl_28/259-0518190-3818361?psc=1,beauty
"L'Oréal Paris Semi-Permanent Hair Colour, Ammonia-Free Formula & Honey-Infused Conditioner, Glossy Finish, Casting Crème Gloss, Darkest Brown 300, 87.5g+72ml",4.3 out of 5 stars,₹675.00,"https://images-eu.ssl-images-amazon.com/images/I/61exa0z88vL._AC_UL600_SR600,400_.jpg",https://www.amazon.in/https://www.amazon.in/Paris-Semi-Permanent-Ammonia-Free-Honey-Infused-Conditioner/dp/B006QHB9GK/ref=zg_bs_g_beauty_d_sccl_29/259-0518190-3818361?psc=1,beauty
"Maybelline New York Colossal Kajal, Intense Colour, Waterproof, Long lasting 24Hrs Stay, Black, 0.35g",4.2 out of 5 stars,₹109.00,"https://images-eu.ssl-images-amazon.com/images/I/61b2tDBxhlL._AC_UL600_SR600,400_.jpg",https://www.amazon.in/https://www.amazon.in/Maybelline-Colossal-Kajal-Black-0-35g/dp/B06WGZP21B/ref=zg_bs_g_beauty_d_sccl_30/259-0518190-3818361?psc=1,beauty
"Lifelong PVC Hex Dumbbells Pack of 2 (5kg*2) Black Color for Home Gym Equipment Fitness Barbell|Gym Exercise|Home Workout, Gym Dumbbells|Dumbbells Weights for Men & Women (6 Months Warranty)",3.9 out of 5 stars,₹509.00,"https://images-eu.ssl-images-amazon.com/images/I/710SxepIfiL._AC_UL600_SR600,400_.jpg",https://www.amazon.in/https://www.amazon.in/Lifelong-Dumbbells-Equipment-Exercise-Warranty/dp/B09W5PSTBP/ref=zg_bs_g_sports_d_sccl_1/259-0518190-3818361?psc=1,sports
Fitness Mantra® Gym Winter Cap & Muffler for Men & Women| Beanie Cap| 1 Set|,4.2 out of 5 stars,₹150.00,"https://images-eu.ssl-images-amazon.com/images/I/51iu3cuF7CL._AC_UL600_SR600,400_.jpg",https://www.amazon.in/https://www.amazon.in/Fitness-Mantra%C2%AE-Winter-Muffler-Beanie/dp/B0D9PG6CQT/ref=zg_bs_g_sports_d_sccl_2/259-0518190-3818361?psc=1,sports
Yonex GR 303i Black Aluminium Badminton Racquet with Full Cover(Made in India),4.0 out of 5 stars,₹529.00,"https://images-eu.ssl-images-amazon.com/images/I/61EnkLF57bL._AC_UL600_SR600,400_.jpg",https://www.amazon.in/https://www.amazon.in/Yonex-Black-Aluminium-Badminton-Racquet/dp/B09N8M6HJT/ref=zg_bs_g_sports_d_sccl_3/259-0518190-3818361?psc=1,sports
"Yonex Mavis 200i Nylon Shuttle Cock, Pack of 6 (Yellow)",4.3 out of 5 stars,₹474.00,"https://images-eu.ssl-images-amazon.com/images/I/71XJ3j9NhaL._AC_UL600_SR600,400_.jpg",https://www.amazon.in/https://www.amazon.in/Yonex-Mavis-200i-Shuttle-Yellow/dp/B01IEVIVAC/ref=zg_bs_g_sports_d_sccl_4/259-0518190-3818361?psc=1,sports
"Boldfit Adjustable Hand Grip Strengthener, Hand Gripper for Men & Women for Gym Workout Hand Exercise Equipment to Use in Home for Forearm Exercise, Finger Exercise Power Gripper (5-40 Kg) Black",4.2 out of 5 stars,₹179.00,"https://images-eu.ssl-images-amazon.com/images/I/61Av1lptLkL._AC_UL600_SR600,400_.jpg",https://www.amazon.in/https://www.amazon.in/Boldfit-Adjustable-Strengthener-Exercise-Equipment/dp/B0B77X44MX/ref=zg_bs_g_sports_d_sccl_5/259-0518190-3818361?psc=1,sports
Boldfit Woolen Winter Cap for Men Woolen Cap for Women & Men in Winter for Thermal Wear Stylish Soft Winter Caps for Boys & Girls for Warm Wear Head Winter Cap Men Woolen Garam Topaa Cap Bennies Black,4.5 out of 5 stars,₹329.00,"https://images-eu.ssl-images-amazon.com/images/I/71EvhiUJs-L._AC_UL600_SR600,400_.jpg",https://www.amazon.in/https://www.amazon.in/Boldfit-Beanie-Woolen-Thermal-Stylish/dp/B0CK5N2WTT/ref=zg_bs_g_sports_d_sccl_6/259-0518190-3818361?psc=1,sports
Yonex Mavis 350 Green Cap Nylon Shuttlecock (Yellow),4.1 out of 5 stars,"₹1,149.00","https://images-eu.ssl-images-amazon.com/images/I/61-rv4FJ3AL._AC_UL600_SR600,400_.jpg",https://www.amazon.in/https://www.amazon.in/Yonex-Mavis-350-Shuttlecock-Yellow/dp/B000FI8ER8/ref=zg_bs_g_sports_d_sccl_7/259-0518190-3818361?psc=1,sports
Nivia Storm Football | Rubberized Moulded | Suitable for Hard Ground Without Grass | Training Ball | Soccer Ball | for Men/Women | Football Size - 5 (White),3.9 out of 5 stars,₹349.00,"https://images-eu.ssl-images-amazon.com/images/I/61RpRYFb2wL._AC_UL600_SR600,400_.jpg",https://www.amazon.in/https://www.amazon.in/Nivia-Storm-Football-Size-White/dp/B00ICCYF0E/ref=zg_bs_g_sports_d_sccl_8/259-0518190-3818361?psc=1,sports
"Boldfit Natural Rubber Heavy Resistance Band For Workout Set Exercise&Stretching Pull Up Bands For Home Exercise For Gym Men&Women Resistance Bands Loop Bands Toning Bands Resistance,Yellow (3-7 Kg)",4.1 out of 5 stars,₹154.00,"https://images-eu.ssl-images-amazon.com/images/I/61pqeHoXFZL._AC_UL600_SR600,400_.jpg",https://www.amazon.in/https://www.amazon.in/Boldfit-Resistance-Band-Stretching-Resistances/dp/B08H8KD72Q/ref=zg_bs_g_sports_d_sccl_9/259-0518190-3818361?psc=1,sports
Fitness Mantra® Beanie Cap & Muffler for Men & Women| Beanie Cap| Woolen Topaa| Winter Cap| Head & Neck Warmer| Black Color| 1 Set|,3.9 out of 5 stars,₹150.00,"https://images-eu.ssl-images-amazon.com/images/I/51iu3cuF7CL._AC_UL600_SR600,400_.jpg",https://www.amazon.in/https://www.amazon.in/Fitness-Mantra%C2%AE-Beanie-Muffler-Woolen/dp/B0CQPBKLGZ/ref=zg_bs_g_sports_d_sccl_10/259-0518190-3818361?psc=1,sports
"Lifelong LLKS03 Foldable Kick Skating Cycle| Skate Scooter for Kids(Max User Weight: 50Kg) Kids Scooter (Pink, Blue)",3.9 out of 5 stars,₹999.00,"https://images-eu.ssl-images-amazon.com/images/I/61xr-fzqcxL._AC_UL600_SR600,400_.jpg",https://www.amazon.in/https://www.amazon.in/Lifelong-Adjustable-Weight-50-Manufacturers-LLKS03/dp/B0C862R9VF/ref=zg_bs_g_sports_d_sccl_11/259-0518190-3818361?psc=1,sports
"Boldfit Yoga Mats For Women Yoga Mat For Men Exercise Mat For Home Workout Yoga Mat For Women Yoga Mat 4Mm Workout Mat Yoga Mat For Kids Yoga Mate Gym Mats For Workout At Home - Eva, Blue",3.9 out of 5 stars,₹249.00,"https://images-eu.ssl-images-amazon.com/images/I/71yOChO3sCL._AC_UL600_SR600,400_.jpg",https://www.amazon.in/https://www.amazon.in/Boldfit-Women-Exercise-workout-Workout/dp/B0BD5FST2B/ref=zg_bs_g_sports_d_sccl_12/259-0518190-3818361?psc=1,sports
"Yonex ZR 100 Light Aluminium Badminton Racquet with Full Cover | Made in India (Black,Pack of 1)",4.0 out of 5 stars,₹549.00,"https://images-eu.ssl-images-amazon.com/images/I/71xaU6dfPML._AC_UL600_SR600,400_.jpg",https://www.amazon.in/https://www.amazon.in/ZR-Aluminum-Strung-Badminton-Racquet/dp/B07QWSR4FH/ref=zg_bs_g_sports_d_sccl_13/259-0518190-3818361?psc=1,sports
Boldfit Long Winter Caps for Men Woolen Beanie Cap for Men & Women Stretchable Woolen Cap for Men for Winter Thermal Winter Cap for Men Long Skull Cap for Winter Men Winter Wear Beanies - Navy Blue,4.1 out of 5 stars,₹229.00,"https://images-eu.ssl-images-amazon.com/images/I/714lOIwZ+8L._AC_UL600_SR600,400_.jpg",https://www.amazon.in/https://www.amazon.in/Boldfit-Winter-Stretchable-Thermal-Beanies/dp/B0DN1VBD5L/ref=zg_bs_g_sports_d_sccl_14/259-0518190-3818361?psc=1,sports
"WARMEE Body Warmers (Pack of 5 pcs) Safe & Natural Heat Patches, Heat Packs for Men, Women and Children || Travel Warmers to Stay Warm in Winters|| Camping, Trekking, Holidays",4.1 out of 5 stars,₹581.00,"https://images-eu.ssl-images-amazon.com/images/I/61wCXPAGgJL._AC_UL600_SR600,400_.jpg",https://www.amazon.in/https://www.amazon.in/WARMEE-BODY-WARMERS-POUCH-regular/dp/B00T926QUI/ref=zg_bs_g_sports_d_sccl_15/259-0518190-3818361?psc=1,sports
Fitness Mantra® Sports Winters Cap & Muffler for Men & Women| Beanie Cap| 1 Set| (Black),3.8 out of 5 stars,₹150.00,"https://images-eu.ssl-images-amazon.com/images/I/71ETCqzBUVL._AC_UL600_SR600,400_.jpg",https://www.amazon.in/https://www.amazon.in/Fitness-Mantra%C2%AE-Winter-Woolen-Muffler/dp/B0CQ7VNMJY/ref=zg_bs_g_sports_d_sccl_16/259-0518190-3818361?psc=1,sports
Lifelong LLYM92 Yoga mat for Women & Men EVA Material 4mm Grey Anti Slip for Gym Workout,3.9 out of 5 stars,₹249.00,"https://images-eu.ssl-images-amazon.com/images/I/612K2lgbyIL._AC_UL600_SR600,400_.jpg",https://www.amazon.in/https://www.amazon.in/Lifelong-LLYM92-Women-Material-Workout/dp/B09YJ475JC/ref=zg_bs_g_sports_d_sccl_17/259-0518190-3818361?psc=1,sports
"Boldfit Skipping Rope for Men and Women Jumping Rope With Adjustable Height Speed Skipping Rope for Kids, Women, Girls Rassi Jumping Men for Exercise, Gym, Sports Fitness - Black, Polyvinyl Chlorine",4.0 out of 5 stars,₹149.00,"https://images-eu.ssl-images-amazon.com/images/I/71l2-gWOnpL._AC_UL600_SR600,400_.jpg",https://www.amazon.in/https://www.amazon.in/Boldfit-Polyvinyl-Chloride-Skipping-Adjustable/dp/B0B5N956P2/ref=zg_bs_g_sports_d_sccl_18/259-0518190-3818361?psc=1,sports
Fitness Mantra® Counter 10KG To 60KG Weight Adjustable Professional Counter Hand Gripper for Men & Women | Counter Hand Grip|Finger Exerciser|Power Gripper|Black Color|,4.0 out of 5 stars,₹150.00,"https://images-eu.ssl-images-amazon.com/images/I/61BvW1b3dtL._AC_UL600_SR600,400_.jpg",https://www.amazon.in/https://www.amazon.in/Fitness-Mantra%C2%AE-Adjustable-Professional-Exerciser/dp/B0CMXPXP9V/ref=zg_bs_g_sports_d_sccl_19/259-0518190-3818361?psc=1,sports
"Kidsmate Cruiser Kick Scooter for Kids with Broad Wheels | 3-Wheel Skate Scooter for Boys & Girls of Ages 2-12 Years | 5-Level Adjustable Height, and Easy Fold Design Scooter for Kids (Black)",4.0 out of 5 stars,₹999.00,"https://images-eu.ssl-images-amazon.com/images/I/718LadDLSCL._AC_UL600_SR600,400_.jpg",https://www.amazon.in/https://www.amazon.in/Kidsmate-Cruiser-Scooter-3-Wheel-Adjustable/dp/B0D4DZ7WL2/ref=zg_bs_g_sports_d_sccl_20/259-0518190-3818361?psc=1,sports
"Boldfit Nylon Wrist Supporter for Gym Wrist Band for Men Gym&Women with Thumb Loop Straps-Wrist Wrap Gym Accessories for Men Hand Grip&Wrist Support Sports Straps for Gym,Weightlifting-Grey,One Size",4.3 out of 5 stars,₹199.00,"https://images-eu.ssl-images-amazon.com/images/I/71rnjOkkJZL._AC_UL600_SR600,400_.jpg",https://www.amazon.in/https://www.amazon.in/Boldfit-Wrist-Supporter-Women-Straps/dp/B0CH1769G7/ref=zg_bs_g_sports_d_sccl_21/259-0518190-3818361?psc=1,sports
"Boldfit Gym Gloves for Men Workout Wrist Support Gym Gloves Weightlifting Gym Gloves for Women Breathable Gym Accessories for Men Workout Hand Gloves for Gym Women Gloves for Gym Workout, Large",4.0 out of 5 stars,₹349.00,"https://images-eu.ssl-images-amazon.com/images/I/91PKk4QADIL._AC_UL600_SR600,400_.jpg",https://www.amazon.in/https://www.amazon.in/Boldfit-Accessories-Weightlifting-Training-Exercise/dp/B0BN1V4GYB/ref=zg_bs_g_sports_d_sccl_22/259-0518190-3818361?psc=1,sports
YONEX ZR 100 Light Aluminium Blend Badminton Racquet with Full Cover (Red/Red) - Set of 2,4.2 out of 5 stars,"₹1,099.00","https://images-eu.ssl-images-amazon.com/images/I/71jjiWS7jyL._AC_UL600_SR600,400_.jpg",https://www.amazon.in/https://www.amazon.in/Yonex-ZR-Aluminum-Badminton-Racquet/dp/B07SLLL3MS/ref=zg_bs_g_sports_d_sccl_23/259-0518190-3818361?psc=1,sports
"Yonex Nanoray Light 18i Graphite Badminton Racquet With Free Full Cover (77 Grams, 30 Lbs Tension, Black)",4.3 out of 5 stars,"₹1,799.00","https://images-eu.ssl-images-amazon.com/images/I/71snlkNDRBL._AC_UL600_SR600,400_.jpg",https://www.amazon.in/https://www.amazon.in/Yonex-Nanoray-Light-18i-Badminton/dp/B07BY89TQY/ref=zg_bs_g_sports_d_sccl_24/259-0518190-3818361?psc=1,sports
"Fitness Mantra® TPE Dual Color Anti-Slip Yoga Mat with Cover Bag for Gym Workout and Yoga Exercise for Men & Women Fitness| 1 Piece| 6mm| 24""x72""| Dual Color| Premium|",4.0 out of 5 stars,₹599.00,"https://images-eu.ssl-images-amazon.com/images/I/71VaLeCKVGL._AC_UL600_SR600,400_.jpg",https://www.amazon.in/https://www.amazon.in/Fitness-Mantra%C2%AE-Anti-Slip-Workout-Exercise/dp/B0CP8C86B1/ref=zg_bs_g_sports_d_sccl_25/259-0518190-3818361?psc=1,sports
"Boldfit Cotton Wrist Band for Men & Women, Wrist Supporter for Gym Wrist Wrap/Straps Gym Accessories for Men for Hand Grip & Wrist Support While Workout & muscle relaxation (Red - Black)",4.3 out of 5 stars,₹199.00,"https://images-eu.ssl-images-amazon.com/images/I/71aQ+1SzYTL._AC_UL600_SR600,400_.jpg",https://www.amazon.in/https://www.amazon.in/Boldfit-Supporter-Accessories-Support-Workout/dp/B08WLWGKY2/ref=zg_bs_g_sports_d_sccl_26/259-0518190-3818361?psc=1,sports
Hundred Cosmogear Badminton Kit-Bag (Navy)|Double Zipper|Bag with Front Zipper Pocket,4.5 out of 5 stars,₹599.00,"https://images-eu.ssl-images-amazon.com/images/I/61fqqMHKmzL._AC_UL600_SR600,400_.jpg",https://www.amazon.in/https://www.amazon.in/Hundred-Cosmogear-Badminton-Kit-Bag-Double/dp/B0CP2G5L89/ref=zg_bs_g_sports_d_sccl_27/259-0518190-3818361?psc=1,sports
"Fitness Mantra® Yoga Mat for Gym Workout and Yoga Exercise with 4mm Thickness, Anti-Slip Yoga Mat for Men & Women Fitness (Qnty.-1 Pcs.) (Purple)(4mm)",3.9 out of 5 stars,₹189.00,"https://images-eu.ssl-images-amazon.com/images/I/61Ts77xs7eL._AC_UL600_SR600,400_.jpg",https://www.amazon.in/https://www.amazon.in/Fitness-Mantra%C2%AE-Exercise-Thickness-Anti-Slip/dp/B0BZ8384MV/ref=zg_bs_g_sports_d_sccl_28/259-0518190-3818361?psc=1,sports
"Silver's Micro Badminton Kit (2 Racquets with Full Cover, 1 Box Feather Shuttlecock Pack of 3), Multicolor",3.9 out of 5 stars,₹389.00,"https://images-eu.ssl-images-amazon.com/images/I/81t8f1jtzJL._AC_UL600_SR600,400_.jpg",https://www.amazon.in/https://www.amazon.in/Silvers-Badminton-Racquets-Shuttlecock-Multicolor/dp/B0D9H14F4L/ref=zg_bs_g_sports_d_sccl_29/259-0518190-3818361?psc=1,sports
"Wazdorf Woolen Hat Cap,Woolen Neck Warmer Scarf Men & Women Winter Woolen Cap Hat Woolen Neck Warmer Scarf Set for Men & Women Velvet Neck Scarf Free Size (Multi-Color)",4.6 out of 5 stars,₹144.00,"https://images-eu.ssl-images-amazon.com/images/I/51LX8G10-GL._AC_UL600_SR600,400_.jpg",https://www.amazon.in/https://www.amazon.in/Wazdorf-Woolen-Warmer-Winter-Multi-Color/dp/B0DBHYLVD8/ref=zg_bs_g_sports_d_sccl_30/259-0518190-3818361?psc=1,sports
SOFTSPUN Microfiber Cloth - 4 pcs - 40x40 cms - 340 GSM Grey! Thick Lint & Streak-Free Multipurpose Cloths - Automotive Microfibre Towels for Car Bike Cleaning Polishing Washing & Detailing.,4.3 out of 5 stars,₹299.00,"https://images-eu.ssl-images-amazon.com/images/I/81dsWgzXLrL._AC_UL600_SR600,400_.jpg",https://www.amazon.in/https://www.amazon.in/SOFTSPUN-Microfiber-Cleaning-Detailing-Polishing/dp/B077BFH786/ref=zg_bs_g_automotive_d_sccl_1/259-0518190-3818361?psc=1,automotive
Godrej aer O – Hanging Car Air Freshener – Assorted Pack of 3 (22.5g) | Gel Lasts up to 30 days | Car Accessories,4.2 out of 5 stars,₹259.00,"https://images-eu.ssl-images-amazon.com/images/I/6126Ihs3N4L._AC_UL600_SR600,400_.jpg",https://www.amazon.in/https://www.amazon.in/Godrej-aer-Freshener-Assorted-Accessories/dp/B0CXDQWYQP/ref=zg_bs_g_automotive_d_sccl_2/259-0518190-3818361?psc=1,automotive
"Pidilite WD-40, Multipurpose Spray, Rust Remover, Hinge Lubricant, Stain Remover, Degreaser, and Cleaning Agent, 420ml (341g)",4.3 out of 5 stars,₹372.00,"https://images-eu.ssl-images-amazon.com/images/I/51iXu11jMdL._AC_UL600_SR600,400_.jpg",https://www.amazon.in/https://www.amazon.in/WD-40-Multipurpose-accessories-Lubricant-Degreaser/dp/B07FCHCQCW/ref=zg_bs_g_automotive_d_sccl_3/259-0518190-3818361?psc=1,automotive
"ShineXPro Microfiber Car Cleaning Cloth - OG Soft 500 GSM Extra Large (35x75 CM) Microfiber Cloth for Car and Bike - Suede Edging for Scratchless Drying and Detailing (Pack of 2, Grey)",4.3 out of 5 stars,₹499.00,"https://images-eu.ssl-images-amazon.com/images/I/81hauo1yiwL._AC_UL600_SR600,400_.jpg",https://www.amazon.in/https://www.amazon.in/ShineXPro-Microfiber-Car-Cleaning-Cloth/dp/B09RWTYMCF/ref=zg_bs_g_automotive_d_sccl_4/259-0518190-3818361?psc=1,automotive
"Involve Your Senses One Musk Organic Car Perfume, Involve Your Senses Strong Fiber Air Freshener to Freshen'up Your Car - IONE01-40 g,Car Accessories interior car perfumes and fresheners",3.9 out of 5 stars,₹369.00,"https://images-eu.ssl-images-amazon.com/images/I/41n0ALyjZYL._AC_UL600_SR600,400_.jpg",https://www.amazon.in/https://www.amazon.in/Involve-Your-Senses-IONE01-Organic/dp/B00PPY2NB0/ref=zg_bs_g_automotive_d_sccl_5/259-0518190-3818361?psc=1,automotive
"Claiez 5 PCs Microfiber Car Duster with Long Handle Car Cleaning Brush Exteriror and Interiror Car Cleaning Cloth Car Ac Vent Cleaner Brush for Car, Motorbike, SUVs Car Cleaning Kit (A1)",4.3 out of 5 stars,₹439.00,"https://images-eu.ssl-images-amazon.com/images/I/71NwL0SI2fL._AC_UL600_SR600,400_.jpg",https://www.amazon.in/https://www.amazon.in/Microfiber-Car-Exteriror-Interiror-Motorbike/dp/B0D5MB9P2Y/ref=zg_bs_g_automotive_d_sccl_6/259-0518190-3818361?psc=1,automotive
Jopasu Car Duster,4.4 out of 5 stars,₹779.00,"https://images-eu.ssl-images-amazon.com/images/I/61ge72aiPiL._AC_UL300_SR300,200_.jpg",https://www.amazon.in/https://www.amazon.in/JOPASU-Jopasu-Car-Duster/dp/B00RJQ8XHU/ref=zg_bs_g_automotive_d_sccl_7/259-0518190-3818361?psc=1,automotive
"Boldfit Full Face Helmet Mask Face Mask for Bikers in Riding, Balaclava Full Face Mask Balaclava for Men Black Mask for Bike Riding and Cycling Accessories Mask for Men & Women Full Face Helmet Mask",4.1 out of 5 stars,₹189.00,"https://images-eu.ssl-images-amazon.com/images/I/61NL8vUrWUL._AC_UL600_SR600,400_.jpg",https://www.amazon.in/https://www.amazon.in/Boldfit-Balaclava-Accessories-Cycling-Stylish/dp/B0CKZBDFK4/ref=zg_bs_g_automotive_d_sccl_8/259-0518190-3818361?psc=1,automotive
"FABTEC Waterproof Car Body Cover for Maruti Baleno with Mirror and Antenna Pocket, Soft Cotton Lining, Triple Stitched (Heat Resistant Metallic Silver with Black Piping)",3.9 out of 5 stars,"₹1,177.00","https://images-eu.ssl-images-amazon.com/images/I/71skiRfsCcL._AC_UL600_SR600,400_.jpg",https://www.amazon.in/https://www.amazon.in/Waterproof-Maruti-Dzire-2017-2023-Stitched/dp/B07WLYG7GT/ref=zg_bs_g_automotive_d_sccl_9/259-0518190-3818361?psc=1,automotive
"ONERIOUS 3 in 1 Portable Car Vacuum Cleaner with Blower | USB Rechargeable Wireless Handheld Car Vacuum Cleaner Traveling, Camping Reusable,Portable,Rechargeable (Vacuum with Blower) (1)",4.5 out of 5 stars,₹296.00,"https://images-eu.ssl-images-amazon.com/images/I/612qEsmKhmL._AC_UL600_SR600,400_.jpg",https://www.amazon.in/https://www.amazon.in/ONERIOUS-Portable-Rechargeable-Wireless-Traveling/dp/B0D9WJD6BG/ref=zg_bs_g_automotive_d_sccl_10/259-0518190-3818361?psc=1,automotive
"Auto Hub Heavy Microfiber Cloth for Car Cleaning and Detailing, Double Sided, Extra Thick Plush Microfiber Towel Lint-Free, 800 GSM (Size 40cm x 40cm)/Pack of 3, Color: Grey",4.3 out of 5 stars,₹299.00,"https://images-eu.ssl-images-amazon.com/images/I/81exb0CGK2S._AC_UL600_SR600,400_.jpg",https://www.amazon.in/https://www.amazon.in/Auto-Hub-Microfiber-Cloth-800/dp/B09775PVJ2/ref=zg_bs_g_automotive_d_sccl_11/259-0518190-3818361?psc=1,automotive
Autofy Universal Bike Cover UV Protection & Dustproof Bike Body Cover for Two Wheeler Bike Scooter Scooty Activa (Black),4.2 out of 5 stars,₹248.00,"https://images-eu.ssl-images-amazon.com/images/I/51k9wNfghBS._AC_UL600_SR600,400_.jpg",https://www.amazon.in/https://www.amazon.in/Autofy-Universal-Protection-Dustproof-Wheeler/dp/B0983XZJGX/ref=zg_bs_g_automotive_d_sccl_12/259-0518190-3818361?psc=1,automotive
3M Car wash Shampoo (1 Litre) | High Foam for Deep Cleaning | Remove Tough Dirt | Safe on Paint | pH Neutral,4.4 out of 5 stars,₹760.00,"https://images-eu.ssl-images-amazon.com/images/I/714jMFnhQbL._AC_UL600_SR600,400_.jpg",https://www.amazon.in/https://www.amazon.in/3M-IA260166409-care-wash-Shampoo/dp/B00S5SA04U/ref=zg_bs_g_automotive_d_sccl_13/259-0518190-3818361?psc=1,automotive
HSR Car Accessories in 10 PCs Car Wiper Detergent Effervescent Tablets Washer Auto Windshield Cleaner Glass Wash Cleaning Tablets,3.9 out of 5 stars,₹79.00,"https://images-eu.ssl-images-amazon.com/images/I/710ClLSrAWL._AC_UL600_SR600,400_.jpg",https://www.amazon.in/https://www.amazon.in/HSR-Windshield-Cleaning-Cleaner-Effervescent/dp/B07TN7QYB6/ref=zg_bs_g_automotive_d_sccl_14/259-0518190-3818361?psc=1,automotive
"Premium Car Inflatable Bed with Pump & 2 Air Pillow|Quick Inflatable Back Seat Bed|Car Inflatable Mattress|Car Bed Mattress|Car Bed For Kids,Travel,Trips,Camping,Picnic,Pool & Beach|Universal Fit|Grey",4.0 out of 5 stars,"₹1,779.00","https://images-eu.ssl-images-amazon.com/images/I/51gVaFxCw6L._AC_UL600_SR600,400_.jpg",https://www.amazon.in/https://www.amazon.in/Premium-Inflatable-Mattress-Camping-Universal/dp/B0C8T31GQZ/ref=zg_bs_g_automotive_d_sccl_15/259-0518190-3818361?psc=1,automotive
"Pidilite WD-40, Multipurpose Spray, Lubricant, Rust Remover, Cleans Bike Chains, Squeak Noise Remover, Stain Remover, and Cleaning Agent, 170g",4.3 out of 5 stars,₹247.00,"https://images-eu.ssl-images-amazon.com/images/I/711cF60e5gL._AC_UL600_SR600,400_.jpg",https://www.amazon.in/https://www.amazon.in/Pidilite-WD-40-Multiple-Maintenance-Spray/dp/B07MDKM7DZ/ref=zg_bs_g_automotive_d_sccl_16/259-0518190-3818361?psc=1,automotive
Autofy Multipurpose Microfiber 800 GSM Pack of 2-40cm x 40cm Cleaning Towel Microfibre Cloth Highly Absorbent Dust Towels for All Vehicles Bikes Cars Glass Kitchens - Multicolour,4.2 out of 5 stars,₹199.00,"https://images-eu.ssl-images-amazon.com/images/I/51ht52q9BVL._AC_UL600_SR600,400_.jpg",https://www.amazon.in/https://www.amazon.in/Autofy-Multipurpose-Microfiber-Microfibre-Absorbent/dp/B08V8Y4BVF/ref=zg_bs_g_automotive_d_sccl_17/259-0518190-3818361?psc=1,automotive
Godrej aer O Hanging Car Air Freshener Gel | Car Accessories | Musk After Smoke (7.5G),4.0 out of 5 stars,₹73.00,"https://images-eu.ssl-images-amazon.com/images/I/61oE2-6bt0L._AC_UL600_SR600,400_.jpg",https://www.amazon.in/https://www.amazon.in/Godrej-aer-Hanging-Freshener-Accessories/dp/B0CCY38RGC/ref=zg_bs_g_automotive_d_sccl_18/259-0518190-3818361?psc=1,automotive
3M Foaming Car Interior Cleaner (580 g) | Upholstery and Leather Cleaner | Removes Tough Stains and Dirt Inside Your Car,4.1 out of 5 stars,₹700.00,"https://images-eu.ssl-images-amazon.com/images/I/61zxhscfJxL._AC_UL600_SR600,400_.jpg",https://www.amazon.in/https://www.amazon.in/3M-Interior-Cleaner-580-g/dp/B0183SZDTS/ref=zg_bs_g_automotive_d_sccl_19/259-0518190-3818361?psc=1,automotive
"Steelbird Polyester Full Finger Bike Riding Gloves With Touch Screen Sensitivity At Thumb & Index Finger, Protective Off-Road Motorbike Racing (Medium, Black Grey, Cycling)",3.8 out of 5 stars,₹599.00,"https://images-eu.ssl-images-amazon.com/images/I/81EJ4VdwYbL._AC_UL600_SR600,400_.jpg",https://www.amazon.in/https://www.amazon.in/Steelbird-Sensitivity-Protective-Off-Road-Motorbike/dp/B09DYQ7962/ref=zg_bs_g_automotive_d_sccl_20/259-0518190-3818361?psc=1,automotive
INVOLVE Elements Aqua Spray Air Perfume | Fine Fragrance Car Scent Air Freshener - IELE01-30ml | | Car fresheners | Car accessories interior | Long lasting fregrance | Car perfume,3.8 out of 5 stars,₹369.00,"https://images-eu.ssl-images-amazon.com/images/I/51Fx36mY1UL._AC_UL600_SR600,400_.jpg",https://www.amazon.in/https://www.amazon.in/Involve-Your-Senses-IELE01-Freshener/dp/B00PPY1B18/ref=zg_bs_g_automotive_d_sccl_21/259-0518190-3818361?psc=1,automotive
3M Car Dashboard Dresser (250 ml) | Restores Gloss and Shine on Dashboard and Other Plastic Parts | Protection from UV Rays and Fading,4.3 out of 5 stars,₹333.00,"https://images-eu.ssl-images-amazon.com/images/I/51-6Y+fNmAL._AC_UL600_SR600,400_.jpg",https://www.amazon.in/https://www.amazon.in/3M-IA260166359-Auto-Specialty-Dashboard/dp/B00S5SAVQW/ref=zg_bs_g_automotive_d_sccl_22/259-0518190-3818361?psc=1,automotive
"Porslin 5 Pcs Microfiber Car Duster Kit - Extendable Long Handle Car Cleaning Accessories - Interior & Exterior Detailing Brush Set - Scratch & Lint Free, Perfect for Cars, SUVs, Motorcycles, Home",4.4 out of 5 stars,₹498.00,"https://images-eu.ssl-images-amazon.com/images/I/71XzBXnaOTL._AC_UL600_SR600,400_.jpg",https://www.amazon.in/https://www.amazon.in/Porslin-Pcs-Microfiber-Car-Duster/dp/B0D5D29R1B/ref=zg_bs_g_automotive_d_sccl_23/259-0518190-3818361?psc=1,automotive
"Steelbird SBA-7 7Wings ISI Certified Flip-Up Helmet for Men and Women with Inner Smoke Sun Shield Outer Clear Visor ( Large 600 MM, Dashing Black )",4.2 out of 5 stars,"₹1,516.00","https://images-eu.ssl-images-amazon.com/images/I/61SpcDjsq8L._AC_UL600_SR600,400_.jpg",https://www.amazon.in/https://www.amazon.in/Steelbird-SBA-7-7Wings-Certified-Thermoplastic/dp/B09MKLNBB1/ref=zg_bs_g_automotive_d_sccl_24/259-0518190-3818361?psc=1,automotive
"Frido Ultimate Car Neck Rest Pillow, Ultrasoft Car Pillow for Comfortable Car Rides, Superior Neck Support Cushion, Relieves Neck Pain, Hi-Per Foam Head Rest Pillow with Washable Velvet Cover, Black",4.0 out of 5 stars,"₹1,399.00","https://images-eu.ssl-images-amazon.com/images/I/716SWYL2IeL._AC_UL600_SR600,400_.jpg",https://www.amazon.in/https://www.amazon.in/Frido-Ultimate-Ultrasoft-Comfortable-Superior/dp/B0CPYSWJV5/ref=zg_bs_g_automotive_d_sccl_25/259-0518190-3818361?psc=1,automotive
"SHEEBA All in One Multipurpose Liquid Polish for Car, Motorbike, Scooter, Household, Office Care | High Gloss | Easy Application | For Interior & Exterior Surfaces -500mL with Applicator Pad.",4.0 out of 5 stars,₹232.00,"https://images-eu.ssl-images-amazon.com/images/I/718xrN6x9jL._AC_UL600_SR600,400_.jpg",https://www.amazon.in/https://www.amazon.in/Sheeba-All-One-Multipurpose-Polish/dp/B07QPCKGL4/ref=zg_bs_g_automotive_d_sccl_26/259-0518190-3818361?psc=1,automotive
"Amazon Basics Portable DC Digital Tyre Inflator 12V, 150 PSI with Digital Pressure Gauge and LED Light,Metal,Black",4.2 out of 5 stars,"₹1,345.00","https://images-eu.ssl-images-amazon.com/images/I/81xcPKftx+L._AC_UL600_SR600,400_.jpg",https://www.amazon.in/https://www.amazon.in/Amazon-Basics-Digital-Inflator-Light/dp/B0BTDDVB67/ref=zg_bs_g_automotive_d_sccl_27/259-0518190-3818361?psc=1,automotive
"CamPure Camphor Insta Pouch (Original) Pack of 3-100% Organic | Air Freshener for Car, Wardrobe, Office Cabin's, Drawers, Travel Bag & Bathroom",3.5 out of 5 stars,₹279.00,"https://images-eu.ssl-images-amazon.com/images/I/81VL38esEcL._AC_UL600_SR600,400_.jpg",https://www.amazon.in/https://www.amazon.in/CamPure-Camphor-Insta-Cone-Original/dp/B0BLLMF1B3/ref=zg_bs_g_automotive_d_sccl_28/259-0518190-3818361?psc=1,automotive
"RESIL VISTA Black Matte Spray Paint 400 ml (290 g)| DIY Acrylic Spray Paint | Quick-Drying, Multi-Surface Aerosol for Metal, Wood, Plastic, Walls, Automotives",4.1 out of 5 stars,₹239.00,"https://images-eu.ssl-images-amazon.com/images/I/61rnIAke3nL._AC_UL600_SR600,400_.jpg",https://www.amazon.in/https://www.amazon.in/RESIL-VISTA-Quick-Drying-Multi-Surface-Automotives/dp/B096ZRXJCF/ref=zg_bs_g_automotive_d_sccl_29/259-0518190-3818361?psc=1,automotive
ShineXPro 200mL Windshield Washer Fluid For Car - Car Windshield Cleaner Liquid In Concentrate Form (20mL Enough For 1L Tank) - Get A Streak Free Finish With Our Car Wiper Liquid,4.1 out of 5 stars,₹251.00,"https://images-eu.ssl-images-amazon.com/images/I/51P2qE4J6xL._AC_UL600_SR600,400_.jpg",https://www.amazon.in/https://www.amazon.in/ShineXPro-200mL-Windshield-Washer-Fluid/dp/B09R819BZS/ref=zg_bs_g_automotive_d_sccl_30/259-0518190-3818361?psc=1,automotive
"Meat Up Dog Treats Biscuit Real Chicken Flavour, All Life Stages, 1Kg ,Total 2 Kg Pack",4.2 out of 5 stars,₹383.00,"https://images-eu.ssl-images-amazon.com/images/I/81ZwmefsZmL._AC_UL600_SR600,400_.jpg",https://www.amazon.in/https://www.amazon.in/Meatup-Chicken-Flavour-Biscuit-Treats/dp/B079T88XLM/ref=zg_bs_g_pet-supplies_d_sccl_1/259-0518190-3818361?psc=1,pet-supplies
"Pedigree Adult Dry Dog Food, Chicken & Vegetables, 3 kg, Contains 37 Essential Nutrients, 100% Complete & Balanced Food for Adult Dogs",4.4 out of 5 stars,₹659.00,"https://images-eu.ssl-images-amazon.com/images/I/61MH7E2anKL._AC_UL600_SR600,400_.jpg",https://www.amazon.in/https://www.amazon.in/Pedigree-Adult-Food-Chicken-Vegetables/dp/B00LHS8I3A/ref=zg_bs_g_pet-supplies_d_sccl_2/259-0518190-3818361?psc=1,pet-supplies
"Purepet Adult Dry Cat Food Ocean Fish Flavour, 6 kg Pack",4.3 out of 5 stars,₹959.00,"https://images-eu.ssl-images-amazon.com/images/I/71oYHVHSEPL._AC_UL600_SR600,400_.jpg",https://www.amazon.in/https://www.amazon.in/Purepet-Ocean-Fish-Adult-Food/dp/B0BMGPV6TS/ref=zg_bs_g_pet-supplies_d_sccl_3/259-0518190-3818361?psc=1,pet-supplies
"Meat Up Dry Adult Dry Dog Food, 1.2 kg (Buy 1 Get 1 Free), Total 2.4 Kg Pack",4.1 out of 5 stars,₹349.00,"https://images-eu.ssl-images-amazon.com/images/I/71OPLFU+vGL._AC_UL600_SR600,400_.jpg",https://www.amazon.in/https://www.amazon.in/Meat-Up-Adult-Food-Free/dp/B075WXVYR4/ref=zg_bs_g_pet-supplies_d_sccl_4/259-0518190-3818361?psc=1,pet-supplies
"Purepet Adult Dry Cat Food Tuna & Salmon Flavour, 1 kg Pack",4.3 out of 5 stars,₹191.00,"https://images-eu.ssl-images-amazon.com/images/I/71XMp3g7UXL._AC_UL600_SR600,400_.jpg",https://www.amazon.in/https://www.amazon.in/Purepet-Tuna-Salmon-Adult-Cat/dp/B0BX3TZTFP/ref=zg_bs_g_pet-supplies_d_sccl_5/259-0518190-3818361?psc=1,pet-supplies
"Pets Planet Dog Winter Clothes Reversible Dog Jacket Car Printed Blue Color Design Warm Dog Coat Windproof Pets Cold Weather Wearing (M, 16 Inch)",3.8 out of 5 stars,₹540.00,"https://images-eu.ssl-images-amazon.com/images/I/61TixZ2XE7L._AC_UL600_SR600,400_.jpg",https://www.amazon.in/https://www.amazon.in/Petsplanet-Clothes-Reversible-Windproof-Pets/dp/B0BNLGW64W/ref=zg_bs_g_pet-supplies_d_sccl_6/259-0518190-3818361?psc=1,pet-supplies
"Pedigree Adult Wet Dog Food, Chicken & Liver Chunks in Gravy, 70 g (Pack of 30), Made with Real Meat, 100% Complete & Balanced Meal for Adult Dogs",4.5 out of 5 stars,₹988.00,"https://images-eu.ssl-images-amazon.com/images/I/71rDGH-jUvL._AC_UL600_SR600,400_.jpg",https://www.amazon.in/https://www.amazon.in/Pedigree-Adult-Chicken-Liver-Chunks/dp/B084GNRLPW/ref=zg_bs_g_pet-supplies_d_sccl_7/259-0518190-3818361?psc=1,pet-supplies
Amazon Basics Scoopable Smart White Bentonite Scented Cat Litter | 10 Kg | 5 Kg X 2 Packs | Organic | Bentonite From Turkey | Dust-Free | Lavender Fragrance,3.9 out of 5 stars,₹619.00,"https://images-eu.ssl-images-amazon.com/images/I/71uTocyPlVL._AC_UL600_SR600,400_.jpg",https://www.amazon.in/https://www.amazon.in/Scoopable-Bentonite-Lavender-Fragrance-Scented/dp/B0CG19T4SX/ref=zg_bs_g_pet-supplies_d_sccl_8/259-0518190-3818361?psc=1,pet-supplies
"Drools Adult Dry Dog Food Chicken and Egg, 3kg with Free 1.2kg, Total 4.2 kg Pack",4.3 out of 5 stars,₹735.00,"https://images-eu.ssl-images-amazon.com/images/I/71o84Bphv-L._AC_UL600_SR600,400_.jpg",https://www.amazon.in/https://www.amazon.in/Drools-Chicken-Adult-Food-Free/dp/B07HBMB3WW/ref=zg_bs_g_pet-supplies_d_sccl_9/259-0518190-3818361?psc=1,pet-supplies
"Pedigree Puppy Dry Dog Food, Chicken & Milk, 3 kg, Contains 37 Essential Nutrients, 100% Complete & Balanced Food for Puppies",4.4 out of 5 stars,₹646.00,"https://images-eu.ssl-images-amazon.com/images/I/61IUJIyK2yL._AC_UL600_SR600,400_.jpg",https://www.amazon.in/https://www.amazon.in/Pedigree-Puppy-Food-Chicken-Milk/dp/B00LHS8MX6/ref=zg_bs_g_pet-supplies_d_sccl_10/259-0518190-3818361?psc=1,pet-supplies
"Pedigree Adult Dry Dog Food, Meat & Rice, 3 kg, Contains 37 Essential Nutrients, 100% Complete & Balanced Food for Adult Dogs",4.4 out of 5 stars,₹620.00,"https://images-eu.ssl-images-amazon.com/images/I/71KEEkynwmL._AC_UL600_SR600,400_.jpg",https://www.amazon.in/https://www.amazon.in/Pedigree-Adult-Food-Meat-Rice/dp/B00LHS8UTW/ref=zg_bs_g_pet-supplies_d_sccl_11/259-0518190-3818361?psc=1,pet-supplies
"Whiskas Adult (1+ Years) Dry Cat Food, Ocean Fish Flavour, 1.2 kg, Contains 41 Essential Nutrients, Complete & Balanced Nutrition for Adult Cats",4.5 out of 5 stars,₹391.00,"https://images-eu.ssl-images-amazon.com/images/I/71s9encjhcL._AC_UL600_SR600,400_.jpg",https://www.amazon.in/https://www.amazon.in/Contains-Essential-Nutrients-Complete-Nutrition/dp/B00LHUMDMU/ref=zg_bs_g_pet-supplies_d_sccl_12/259-0518190-3818361?psc=1,pet-supplies
"WOW DOG Ultra Warm 18 Inches Dog Jacket & Coat for Winter - Thick Fleece Camouflage Army Vest, Cozy Jacket for Cold Weather, Colors May Vary",3.8 out of 5 stars,₹349.00,"https://images-eu.ssl-images-amazon.com/images/I/619CsJ+DGVL._AC_UL600_SR600,400_.jpg",https://www.amazon.in/https://www.amazon.in/WOW-DOG-Inches-Jacket-Winter/dp/B0DJ4B1GP3/ref=zg_bs_g_pet-supplies_d_sccl_13/259-0518190-3818361?psc=1,pet-supplies
"Whiskas Adult (1+ Years) Wet Cat Food, Chicken in Gravy, 80 g x 14, Hydrating Food Made With Real Chicken, 100% Complete & Balanced Nutrition for Adult Cats",4.4 out of 5 stars,₹540.00,"https://images-eu.ssl-images-amazon.com/images/I/71x78Uyrp2L._AC_UL600_SR600,400_.jpg",https://www.amazon.in/https://www.amazon.in/Whiskas-Hydrating-Complete-Balanced-Nutrition/dp/B093ZT4QM7/ref=zg_bs_g_pet-supplies_d_sccl_14/259-0518190-3818361?psc=1,pet-supplies
"Drools Adult Wet Dog Food, Real Chicken and Chicken Liver Chunks in Gravy,2.25 Kg (150g x 15) Pack of 15",4.2 out of 5 stars,₹491.00,"https://images-eu.ssl-images-amazon.com/images/I/81UJwNbAq+L._AC_UL600_SR600,400_.jpg",https://www.amazon.in/https://www.amazon.in/Drools-Adult-Chicken-Chunks-Pouches/dp/B08BVMYRRN/ref=zg_bs_g_pet-supplies_d_sccl_15/259-0518190-3818361?psc=1,pet-supplies
"Foodie Puppies Natural Bentonite Cat Litter - 20kg with Lavender Fragrance for Multiple Cats and Kittens | Clean Low-dust Strong Deodorant Litter Tray Refill with Odor Controlling, Instant Clumping",4.0 out of 5 stars,₹970.00,"https://images-eu.ssl-images-amazon.com/images/I/81JCoo5sRnL._AC_UL600_SR600,400_.jpg",https://www.amazon.in/https://www.amazon.in/Foodie-Puppies-Cat-Litter-20Kg/dp/B09GN8LG8Z/ref=zg_bs_g_pet-supplies_d_sccl_16/259-0518190-3818361?psc=1,pet-supplies
"Purepet Meat and Rice Adult Dog Food Pellet, 10kg",4.2 out of 5 stars,"₹1,169.00","https://images-eu.ssl-images-amazon.com/images/I/51uk1X+KzsL._AC_UL600_SR600,400_.jpg",https://www.amazon.in/https://www.amazon.in/Purepet-Meat-Rice-Adult-10kg/dp/B079TTTWRX/ref=zg_bs_g_pet-supplies_d_sccl_17/259-0518190-3818361?psc=1,pet-supplies
"Whiskas Junior Mother Cat & Kitten (2-12 Months) Dry Cat Food, Ocean Fish Flavour, 1.1 kg, Contains 41 Essential Nutrients, Complete & Balanced Nutrition for Mother Cats & Kittens",4.5 out of 5 stars,₹403.00,"https://images-eu.ssl-images-amazon.com/images/I/71XS7pUHVeL._AC_UL600_SR600,400_.jpg",https://www.amazon.in/https://www.amazon.in/Contains-Essential-Nutrients-Complete-Nutrition/dp/B00LHULLKA/ref=zg_bs_g_pet-supplies_d_sccl_18/259-0518190-3818361?psc=1,pet-supplies
Ever Clean Scoopable Smart Bentonite Cat Litter | 10 Kg | 5 Kg X 2 Packs | Organic | Bentonite from Turkey | Dust-Free |,4.1 out of 5 stars,₹527.00,"https://images-eu.ssl-images-amazon.com/images/I/51cktrY1QuL._AC_UL600_SR600,400_.jpg",https://www.amazon.in/https://www.amazon.in/Ever-Clean-Scoopable-Bentonite-Dust-Free/dp/B0DQTTFPL7/ref=zg_bs_g_pet-supplies_d_sccl_19/259-0518190-3818361?psc=1,pet-supplies
"Hipkoo Advanced Natural Clumping Cat Litter Sand|| 99% Dust Free, 10Kg (2 Packs of 5Kg)",3.8 out of 5 stars,₹499.00,"https://images-eu.ssl-images-amazon.com/images/I/51REjlJcOUL._AC_UL600_SR600,400_.jpg",https://www.amazon.in/https://www.amazon.in/Hipkoo-Advanced-Natural-Clumping-Litter/dp/B0CH8PV89K/ref=zg_bs_g_pet-supplies_d_sccl_20/259-0518190-3818361?psc=1,pet-supplies
"PUPPEE Wipe ME 100% Biodegradable 96 Count (Pack of 2) Wet Wipes for Dogs, Cats & All Pets | Lavender Essential, Vitamin E & Olive Oil | Anti-Bacterial | Cleansing, Deodorising & Grooming Wipes",4.4 out of 5 stars,₹189.00,"https://images-eu.ssl-images-amazon.com/images/I/71dDrG6kN-L._AC_UL600_SR600,400_.jpg",https://www.amazon.in/https://www.amazon.in/PUPPEE-Biodegradable-Anti-Bacterial-Hypoallergic-Deodorising/dp/B0B34TC2ZM/ref=zg_bs_g_pet-supplies_d_sccl_21/259-0518190-3818361?psc=1,pet-supplies
"Drools Adult Dry Dog Food Optimum Performance , 10kg Pack",4.2 out of 5 stars,"₹1,439.00","https://images-eu.ssl-images-amazon.com/images/I/716muWbBS5L._AC_UL600_SR600,400_.jpg",https://www.amazon.in/https://www.amazon.in/Drools-Optimum-Performance-Adult-Food/dp/B019K89WTC/ref=zg_bs_g_pet-supplies_d_sccl_22/259-0518190-3818361?psc=1,pet-supplies
"Pedigree Dentastix Oral Care Dog Treat, Adult Medium Breed (10-25 Kg), 720 G, Recommended By Vets, Supports Gum Health, Reduces Risk Of Gum Diseases, Stick",4.5 out of 5 stars,₹680.00,"https://images-eu.ssl-images-amazon.com/images/I/61P7v9r9OPL._AC_UL600_SR600,400_.jpg",https://www.amazon.in/https://www.amazon.in/Pedigree-Dentastix-Medium-10-25kg-Monthly/dp/B01BBXRK7K/ref=zg_bs_g_pet-supplies_d_sccl_23/259-0518190-3818361?psc=1,pet-supplies
"Whiskas Adult (1+ Years) Wet Cat Food, Tuna in Jelly, 14x80g/12x85g Hydrating Food Made With Real Fish, 100% Complete & Balanced Nutrition for Adult Cats",4.4 out of 5 stars,₹699.00,"https://images-eu.ssl-images-amazon.com/images/I/71v3Qz1DBbL._AC_UL600_SR600,400_.jpg",https://www.amazon.in/https://www.amazon.in/Whiskas-Adult-Years-Flavour-Pouches/dp/B09JGL4CN5/ref=zg_bs_g_pet-supplies_d_sccl_24/259-0518190-3818361?psc=1,pet-supplies
"Whiskas Adult (1+ Years) Dry Cat Food, Tuna Flavour, 3 kg, Contains 41 Essential Nutrients, Complete & Balanced Nutrition for Adult Cats",4.5 out of 5 stars,₹957.00,"https://images-eu.ssl-images-amazon.com/images/I/71yx8Giq0bL._AC_UL600_SR600,400_.jpg",https://www.amazon.in/https://www.amazon.in/Contains-Essential-Nutrients-Complete-Nutrition/dp/B005LA8RH2/ref=zg_bs_g_pet-supplies_d_sccl_25/259-0518190-3818361?psc=1,pet-supplies
"Drools Absolute Dog Supplement Treat Calcium Bone Jar - 40 Pieces (600G Pack), For All Life Stages",4.1 out of 5 stars,₹393.00,"https://images-eu.ssl-images-amazon.com/images/I/61EyZvs-X6S._AC_UL600_SR600,400_.jpg",https://www.amazon.in/https://www.amazon.in/Drools-Absolute-Calcium-Bone-Supplement/dp/B07JQJFCS2/ref=zg_bs_g_pet-supplies_d_sccl_26/259-0518190-3818361?psc=1,pet-supplies
"Chappi Adult (1+ Years) Dry Dog Food, Chicken & Rice, 20 kg, Complete and Balanced Food for Adult Dogs,",4.3 out of 5 stars,"₹2,604.00","https://images-eu.ssl-images-amazon.com/images/I/71ls0omMj1L._AC_UL600_SR600,400_.jpg",https://www.amazon.in/https://www.amazon.in/Chappi-Adult-Food-Chicken-Rice/dp/B00TIOQRPG/ref=zg_bs_g_pet-supplies_d_sccl_27/259-0518190-3818361?psc=1,pet-supplies
"Agirav No Pull Dog Harness - Step In Dog Harness And Leash For Small Medium Large Dog - Escape Proof Adjustable Soft Leash Collar Set For Walking Training Hiking Outdoor, 15 Cm, 15 Cm",3.9 out of 5 stars,₹139.00,"https://images-eu.ssl-images-amazon.com/images/I/51ez5oWoCSL._AC_UL600_SR600,400_.jpg",https://www.amazon.in/https://www.amazon.in/Agirav-Pull-Dog-Harness-Adjustable/dp/B0CY9LRRDX/ref=zg_bs_g_pet-supplies_d_sccl_28/259-0518190-3818361?psc=1,pet-supplies
"Purepet Adult Dry Cat Food Mackerel Flavour, 6 kg Pack",4.4 out of 5 stars,₹899.00,"https://images-eu.ssl-images-amazon.com/images/I/71sCftalRJL._AC_UL600_SR600,400_.jpg",https://www.amazon.in/https://www.amazon.in/Purepet-Mackerel-Adult-Dry-Food/dp/B0BMGQVYBR/ref=zg_bs_g_pet-supplies_d_sccl_29/259-0518190-3818361?psc=1,pet-supplies
"Meat Up Adult Dry Cat Food, 1.2 Kg (Buy 1 Get 1 Free ),Total 2.4 kg Pack",4.0 out of 5 stars,₹408.00,"https://images-eu.ssl-images-amazon.com/images/I/71AYMNSU7-L._AC_UL600_SR600,400_.jpg",https://www.amazon.in/https://www.amazon.in/Meat-Up-Ocean-Fish-Adult/dp/B078KJV8JQ/ref=zg_bs_g_pet-supplies_d_sccl_30/259-0518190-3818361?psc=1,pet-supplies
